C,NEMP.WORLD,TRADING_IRSR,AEMO,PUBLIC,2024/03/03,19:30:39,0000000412705721,,0000000412705716
I,TRADING,IRSR,2,TRADING_INTERVAL,INTERCONNECTORID,FROMREGIONID,RESIDUE
D,TRADING,IRSR,2,"2024/03/03 19:35:00",NSW1-QLD1,NSW1,0
D,TRADING,IRSR,2,"2024/03/03 19:35:00",NSW1-QLD1,QLD1,-1685.744460
D,TRADING,IRSR,2,"2024/03/03 19:35:00",N-Q-MNSP1,NSW1,0
D,TRADING,IRSR,2,"2024/03/03 19:35:00",N-Q-MNSP1,QLD1,-65.563370
D,TRADING,IRSR,2,"2024/03/03 19:35:00",T-V-MNSP1,TAS1,0
D,TRADING,IRSR,2,"2024/03/03 19:35:00",T-V-MNSP1,VIC1,0
D,TRADING,IRSR,2,"2024/03/03 19:35:00",VIC1-NSW1,VIC1,19531.534180
D,TRADING,IRSR,2,"2024/03/03 19:35:00",VIC1-NSW1,NSW1,0
D,TRADING,IRSR,2,"2024/03/03 19:35:00",V-SA,VIC1,794.184090
D,TRADING,IRSR,2,"2024/03/03 19:35:00",V-SA,SA1,0
D,TRADING,IRSR,2,"2024/03/03 19:35:00",V-S-MNSP1,VIC1,0
D,TRADING,IRSR,2,"2024/03/03 19:35:00",V-S-MNSP1,SA1,-314.542680
C,"END OF REPORT",15
