C,NEMP.WORLD,DISPATCH,AEMO,PUBLIC,2024/03/15,19:40:11,0000000413803622,,0000000413803622
I,DISPATCH,CASESOLUTION,1,SETTLEMENTDATE,RUNNO,INTERVENTION,CASESUBTYPE,SOLUTIONSTATUS,SPDVERSION,NONPHYSICALLOSSES,TOTALOBJECTIVE,TOTALAREAGENVIOLATION,TOTALINTERCONNECTORVIOLATION,TOTALGENERICVIOLATION,TOTALRAMPRATEVIOLATION,TOTALUNITMWCAPACITYVIOLATION,TOTAL5MINVIOLATION,TOTALREGVIOLATION,TOTAL6SECVIOLATION,TOTAL60SECVIOLATION,TOTALASPROFILEVIOLATION,TOTALFASTSTARTVIOLATION,TOTALENERGYOFFERVIOLATION,LASTCHANGED
D,DISPATCH,CASESOLUTION,1,"2024/03/15 19:45:00",1,0,,1,,0,-46515823.6060,0,0,0,0,0.3,,,,,0,0,0,"2024/03/15 19:40:03"
I,DREGION,,3,SETTLEMENTDATE,RUNNO,REGIONID,INTERVENTION,RRP,EEP,ROP,APCFLAG,MARKETSUSPENDEDFLAG,TOTALDEMAND,DEMANDFORECAST,DISPATCHABLEGENERATION,DISPATCHABLELOAD,NETINTERCHANGE,EXCESSGENERATION,LOWER5MINDISPATCH,LOWER5MINIMPORT,LOWER5MINLOCALDISPATCH,LOWER5MINLOCALPRICE,LOWER5MINLOCALREQ,LOWER5MINPRICE,LOWER5MINREQ,LOWER5MINSUPPLYPRICE,LOWER60SECDISPATCH,LOWER60SECIMPORT,LOWER60SECLOCALDISPATCH,LOWER60SECLOCALPRICE,LOWER60SECLOCALREQ,LOWER60SECPRICE,LOWER60SECREQ,LOWER60SECSUPPLYPRICE,LOWER6SECDISPATCH,LOWER6SECIMPORT,LOWER6SECLOCALDISPATCH,LOWER6SECLOCALPRICE,LOWER6SECLOCALREQ,LOWER6SECPRICE,LOWER6SECREQ,LOWER6SECSUPPLYPRICE,RAISE5MINDISPATCH,RAISE5MINIMPORT,RAISE5MINLOCALDISPATCH,RAISE5MINLOCALPRICE,RAISE5MINLOCALREQ,RAISE5MINPRICE,RAISE5MINREQ,RAISE5MINSUPPLYPRICE,RAISE60SECDISPATCH,RAISE60SECIMPORT,RAISE60SECLOCALDISPATCH,RAISE60SECLOCALPRICE,RAISE60SECLOCALREQ,RAISE60SECPRICE,RAISE60SECREQ,RAISE60SECSUPPLYPRICE,RAISE6SECDISPATCH,RAISE6SECIMPORT,RAISE6SECLOCALDISPATCH,RAISE6SECLOCALPRICE,RAISE6SECLOCALREQ,RAISE6SECPRICE,RAISE6SECREQ,RAISE6SECSUPPLYPRICE,AGGREGATEDISPATCHERROR,AVAILABLEGENERATION,AVAILABLELOAD,INITIALSUPPLY,CLEAREDSUPPLY,LOWERREGIMPORT,LOWERREGLOCALDISPATCH,LOWERREGLOCALREQ,LOWERREGREQ,RAISEREGIMPORT,RAISEREGLOCALDISPATCH,RAISEREGLOCALREQ,RAISEREGREQ,RAISE5MINLOCALVIOLATION,RAISEREGLOCALVIOLATION,RAISE60SECLOCALVIOLATION,RAISE6SECLOCALVIOLATION,LOWER5MINLOCALVIOLATION,LOWERREGLOCALVIOLATION,LOWER60SECLOCALVIOLATION,LOWER6SECLOCALVIOLATION,RAISE5MINVIOLATION,RAISEREGVIOLATION,RAISE60SECVIOLATION,RAISE6SECVIOLATION,LOWER5MINVIOLATION,LOWERREGVIOLATION,LOWER60SECVIOLATION,LOWER6SECVIOLATION,RAISE6SECRRP,RAISE6SECROP,RAISE6SECAPCFLAG,RAISE60SECRRP,RAISE60SECROP,RAISE60SECAPCFLAG,RAISE5MINRRP,RAISE5MINROP,RAISE5MINAPCFLAG,RAISEREGRRP,RAISEREGROP,RAISEREGAPCFLAG,LOWER6SECRRP,LOWER6SECROP,LOWER6SECAPCFLAG,LOWER60SECRRP,LOWER60SECROP,LOWER60SECAPCFLAG,LOWER5MINRRP,LOWER5MINROP,LOWER5MINAPCFLAG,LOWERREGRRP,LOWERREGROP,LOWERREGAPCFLAG,RAISE6SECACTUALAVAILABILITY,RAISE60SECACTUALAVAILABILITY,RAISE5MINACTUALAVAILABILITY,RAISEREGACTUALAVAILABILITY,LOWER6SECACTUALAVAILABILITY,LOWER60SECACTUALAVAILABILITY,LOWER5MINACTUALAVAILABILITY,LOWERREGACTUALAVAILABILITY,LORSURPLUS,LRCSURPLUS
D,DREGION,,3,"2024/03/15 19:45:00",1,NSW1,0,88.88002,0,88.88002,0,0,8025.43,-31,8294.04,0,268.61,0,,,71.99,,,,,,,,76,,,,,,,,74,,,,,,,,133,,,,,,,,110,,,,,,,,109,,,,,,6.13563,12714.36401,194,8060.10889,8029.39,,83,,,,32,,,,,,,,,,,,,,,,,,,0.39,0.39,0,0.39,0.39,0,0.38,0.38,0,3.25,3.25,0,0.01,0.01,0,0.01,0.01,0,0.01,0.01,0,0.72,0.72,0,400.514220,416.514220,637.514220,257.455841,415,537,458,454.797885,,
D,DREGION,,3,"2024/03/15 19:45:00",1,QLD1,0,95.04872,0,95.04872,0,0,7998.56,-25,7874.73,0,-123.83,0,,,0,,,,,,,,133.68,,,,,,,,55.55,,,,,,,,43,,,,,,,,143.44,,,,,,,,133,,,,,,5.38293,10817.70121,125,8020.34033,8001.38,,81,,,,115,,,,,,,,,,,,,,,,,,,0.39,0.39,0,0.39,0.39,0,0.38,0.38,0,3.25,3.25,0,0.01,0.01,0,0.01,0.01,0,0.01,0.01,0,0.72,0.72,0,242,295.333333,178,414.7312,256,393,208,340.286404,,
D,DREGION,,3,"2024/03/15 19:45:00",1,SA1,0,99.98,0,99.98,0,0,1626.45,-9,1216.64,0,-409.8,0,,,60,,,,,,,,62,,,,,,,,58,,,,,,,,67,,,,,,,,71,,,,,,,,105.36,,,,,,-10.133,2439.83894,375,1651.22192,1634.17,,22,,,,18,,,,,,,,,,,,,,,,,,,0.39,0.39,0,0.39,0.39,0,0.38,0.38,0,3.25,3.25,0,0.01,0.01,0,0.01,0.01,0,0.01,0.01,0,0.72,0.72,0,267,295,227,127,260,290,276,399.740220,,
D,DREGION,,3,"2024/03/15 19:45:00",1,TAS1,0,101.1,0,101.1,0,0,1276.51,-3,835.51,0,-441,0,,,0,,,,,,,,0,,,,,,,,0,,,,,,,,64.18,,,,,,,,151,,,,,,,,149.08,,,,,,6.00033,1913.30764,0,1273.50842,1276.51,,50,,,,50,,,,,,,,,,,,,,,,,,,0.39,0.39,0,0.39,0.39,0,0.38,0.38,0,6.22,6.22,0,0.01,0.01,0,0.01,0.01,0,0,0,0,2.08,2.08,0,180.328782,214.307107,68.755957,49.999991,185.827869,429.413330,500.441894,378.649937,,
D,DREGION,,3,"2024/03/15 19:45:00",1,VIC1,0,88.9334,0,88.9334,0,0,5283.06,-24,6032.96,0,749.89,0,,,116,,,,,,,,106,,,,,,,,106,,,,,,,,168.57,,,,,,,,140,,,,,,,,119,,,,,,3.28236,8917.30908,464,5330.58398,5312.43,,19.59,,,,5,,,,,,,,,,,,,,,,,,,0.39,0.39,0,0.39,0.39,0,0.38,0.38,0,3.25,3.25,0,0.01,0.01,0,0.01,0.01,0,0.01,0.01,0,0.72,0.72,0,628,635,629,134,387,430,440,572.536033,,
I,TINT,,1,SETTLEMENTDATE,RUNNO,INTERCONNECTORID,METEREDMWFLOW,MWFLOW,MWLOSSES
D,TINT,,1,"2024/03/15 19:45:00",1,N-Q-MNSP1,11.8,7.65,0.52
D,TINT,,1,"2024/03/15 19:45:00",1,NSW1-QLD1,87.3,119,6.89
D,TINT,,1,"2024/03/15 19:45:00",1,T-V-MNSP1,-431.6,-441,21.94
D,TINT,,1,"2024/03/15 19:45:00",1,V-S-MNSP1,81,90,3.18
D,TINT,,1,"2024/03/15 19:45:00",1,V-SA,279.06,327.53,20.75
D,TINT,,1,"2024/03/15 19:45:00",1,VIC1-NSW1,-119.19,-138,-1.35
I,DINT,,4,SETTLEMENTDATE,RUNNO,INTERCONNECTORID,INTERVENTION,METEREDMWFLOW,MWFLOW,MWLOSSES,MARGINALVALUE,VIOLATIONDEGREE,IMPORTLIMIT,EXPORTLIMIT,MARGINALLOSS,EXPORTGENCONID,IMPORTGENCONID,FCASEXPORTLIMIT,FCASIMPORTLIMIT
D,DINT,,4,"2024/03/15 19:45:00",1,N-Q-MNSP1,0,11.8,7.65142,0.5167,0,0,-68.2,31.2,1.06941,N>N_LSDU_9U6_1,QNTE_ROC,31.2,-68.2
D,DINT,,4,"2024/03/15 19:45:00",1,NSW1-QLD1,0,87.2999,119,6.88616,0,0,-912.15862,582.65376,1.07457,N^^Q_NIL_KPP_1,Q^^N_NIL_SRAR,2204,-2478
D,DINT,,4,"2024/03/15 19:45:00",1,T-V-MNSP1,0,-431.60001,-441,21.94238,0,0,-440.99571,-231.60001,0.91371,TVBL_ROC,F_MAIN++BIP_ML_L1,594,-478
D,DINT,,4,"2024/03/15 19:45:00",1,V-S-MNSP1,0,81,90,3.17907,0,0,1,161,1.14126,VSML_ROC_80,SVML_ROC_80,161,1
D,DINT,,4,"2024/03/15 19:45:00",1,V-SA,0,279.06158,327.52594,20.75389,0,0,-498.10168,433.35555,1.12421,S>>NIL_TBTU_TBTU_1,V^^V_NIL_SWVIC,950,-850
D,DINT,,4,"2024/03/15 19:45:00",1,VIC1-NSW1,0,-119.18551,-138,-1.35187,0,0,-251.86254,911.38738,1.00209,V::N_NIL_V2,N^^V_NIL_ARWBBA,2399,-2299
I,DCONS,,1,SETTLEMENTDATE,RUNNO,CONSTRAINTID,INTERVENTION,RHS,MARGINALVALUE,VIOLATIONDEGREE
D,DCONS,,1,"2024/03/15 19:45:00",1,DATASNAP_DFS_LS,0,10078.27871,0,0
D,DCONS,,1,"2024/03/15 19:45:00",1,DATASNAP_DFS_NCAN,0,10393.36533,0,0
D,DCONS,,1,"2024/03/15 19:45:00",1,DATASNAP_DFS_NCWEST,0,10484.00021,0,0
D,DCONS,,1,"2024/03/15 19:45:00",1,DATASNAP_DFS_NNTH,0,10640.51166,0,0
D,DCONS,,1,"2024/03/15 19:45:00",1,DATASNAP_DFS_NSYD,0,13788.28613,0,0
D,DCONS,,1,"2024/03/15 19:45:00",1,DATASNAP_DFS_QCEN,0,10917.81732,0,0
D,DCONS,,1,"2024/03/15 19:45:00",1,DATASNAP_DFS_QCIND,0,10870.81903,0,0
D,DCONS,,1,"2024/03/15 19:45:00",1,DATASNAP_DFS_QFNQ,0,10313.65384,0,0
D,DCONS,,1,"2024/03/15 19:45:00",1,DATASNAP_DFS_QNTH,0,10958.25134,0,0
D,DCONS,,1,"2024/03/15 19:45:00",1,DATASNAP_DFS_QROSS,0,10496.63895,0,0
D,DCONS,,1,"2024/03/15 19:45:00",1,DATASNAP_DFS_QSTHE,0,12816.86939,0,0
D,DCONS,,1,"2024/03/15 19:45:00",1,DATASNAP_DFS_QSTHW,0,12151.83814,0,0
D,DCONS,,1,"2024/03/15 19:45:00",1,DATASNAP_DFS_Q_BCCP,0,10799.14356,0,0
D,DCONS,,1,"2024/03/15 19:45:00",1,DATASNAP_DFS_Q_BCRG,0,10857.7785,0,0
D,DCONS,,1,"2024/03/15 19:45:00",1,DATASNAP_DFS_Q_CLST,0,10960.7182,0,0
D,DCONS,,1,"2024/03/15 19:45:00",1,DATASNAP_DFS_Q_CLWU,0,10901.60687,0,0
D,DCONS,,1,"2024/03/15 19:45:00",1,DATASNAP_DFS_Q_LCCP,0,10844.8407,0,0
D,DCONS,,1,"2024/03/15 19:45:00",1,DATASNAP_DFS_Q_RGLC,0,10805.94629,0,0
D,DCONS,,1,"2024/03/15 19:45:00",1,DATASNAP_DFS_Q_TAMR,0,10308.0564,0,0
D,DCONS,,1,"2024/03/15 19:45:00",1,DATASNAP_DFS_Q_TAMR2,0,10308.0564,0,0
D,DCONS,,1,"2024/03/15 19:45:00",1,DATASNAP_DFS_SADL,0,10964.12701,0,0
D,DCONS,,1,"2024/03/15 19:45:00",1,DATASNAP_DFS_SNTH,0,10249.08125,0,0
D,DCONS,,1,"2024/03/15 19:45:00",1,DATASNAP_DFS_SRIV,0,10052.84,0,0
D,DCONS,,1,"2024/03/15 19:45:00",1,DATASNAP_DFS_SSE,0,10094.13075,0,0
D,DCONS,,1,"2024/03/15 19:45:00",1,DATASNAP_DFS_SWNSW,0,10475.57285,0,0
D,DCONS,,1,"2024/03/15 19:45:00",1,DATASNAP_DFS_TNTH,0,10134.7789,0,0
D,DCONS,,1,"2024/03/15 19:45:00",1,DATASNAP_DFS_TNWEST,0,10160.1705,0,0
D,DCONS,,1,"2024/03/15 19:45:00",1,DATASNAP_DFS_TWCST,0,10063.95865,0,0
D,DCONS,,1,"2024/03/15 19:45:00",1,DATASNAP_DFS_T_FASH1,0,10574.58362,0,0
D,DCONS,,1,"2024/03/15 19:45:00",1,DATASNAP_DFS_T_GOCS1,0,10478.69034,0,0
D,DCONS,,1,"2024/03/15 19:45:00",1,DATASNAP_DFS_T_HAGT1,0,10500.02356,0,0
D,DCONS,,1,"2024/03/15 19:45:00",1,DATASNAP_DFS_T_PMHA1,0,10473.35812,0,0
D,DCONS,,1,"2024/03/15 19:45:00",1,DATASNAP_DFS_T_PMHA3,0,10139.04369,0,0
D,DCONS,,1,"2024/03/15 19:45:00",1,DATASNAP_DFS_T_SHGT,0,10551.66827,0,0
D,DCONS,,1,"2024/03/15 19:45:00",1,DATASNAP_DFS_T_SHPM,0,10412.33905,0,0
D,DCONS,,1,"2024/03/15 19:45:00",1,DATASNAP_DFS_T_TATU,0,10113.71211,0,0
D,DCONS,,1,"2024/03/15 19:45:00",1,DATASNAP_DFS_T_WALE,0,10120.88829,0,0
D,DCONS,,1,"2024/03/15 19:45:00",1,DATASNAP_DFS_VIC_SG,0,10823.64758,0,0
D,DCONS,,1,"2024/03/15 19:45:00",1,DATASNAP_DFS_VMEL,0,13835.23755,0,0
D,DCONS,,1,"2024/03/15 19:45:00",1,DATASNAP_DFS_V_BABE,0,10434.55466,0,0
D,DCONS,,1,"2024/03/15 19:45:00",1,DATASNAP_DRLCLB_NIL,0,10221.34095,0,0
D,DCONS,,1,"2024/03/15 19:45:00",1,DATASNAP_PDID_1,0,10001,0,0
D,DCONS,,1,"2024/03/15 19:45:00",1,DATASNAP_PV_NSW,0,10000,0,0
D,DCONS,,1,"2024/03/15 19:45:00",1,DATASNAP_PV_QLDCEN,0,10000,0,0
D,DCONS,,1,"2024/03/15 19:45:00",1,DATASNAP_PV_QLDNORTH,0,10000,0,0
D,DCONS,,1,"2024/03/15 19:45:00",1,DATASNAP_PV_QLDSOUTH,0,10000,0,0
D,DCONS,,1,"2024/03/15 19:45:00",1,DATASNAP_PV_SA,0,10000,0,0
D,DCONS,,1,"2024/03/15 19:45:00",1,DATASNAP_PV_TASNORTH,0,10000,0,0
D,DCONS,,1,"2024/03/15 19:45:00",1,DATASNAP_PV_TASSOUTH,0,10000,0,0
D,DCONS,,1,"2024/03/15 19:45:00",1,DATASNAP_PV_VIC,0,10000,0,0
D,DCONS,,1,"2024/03/15 19:45:00",1,DATASNAP_Q_TR_2000,0,15196.26002,0,0
D,DCONS,,1,"2024/03/15 19:45:00",1,DATASNAP_TE_967_1,0,10036.9,0,0
D,DCONS,,1,"2024/03/15 19:45:00",1,DATA_MMS_ALERT1,0,10274,0,0
D,DCONS,,1,"2024/03/15 19:45:00",1,DSNAP_DFS_N_BYSW,0,11242,0,0
D,DCONS,,1,"2024/03/15 19:45:00",1,DSNAP_DFS_V_BABE_5M,0,10434.55466,0,0
D,DCONS,,1,"2024/03/15 19:45:00",1,DSNAP_DFS_V_BAML,0,10495.30142,0,0
D,DCONS,,1,"2024/03/15 19:45:00",1,DSNAP_DFS_V_BAML_5M,0,10570.68024,0,0
D,DCONS,,1,"2024/03/15 19:45:00",1,DSNAP_DFS_V_DDMB,0,10524.88825,0,0
D,DCONS,,1,"2024/03/15 19:45:00",1,DSNAP_DFS_V_DDMS,0,11416.95618,0,0
D,DCONS,,1,"2024/03/15 19:45:00",1,DSNAP_DFS_V_DDSM,0,11307.03601,0,0
D,DCONS,,1,"2024/03/15 19:45:00",1,DSNAP_DFS_V_NIL_3,0,12304.09898,0,0
D,DCONS,,1,"2024/03/15 19:45:00",1,DSNAP_DFS_V_NIL_8,0,10826.79506,0,0
D,DCONS,,1,"2024/03/15 19:45:00",1,DSNAP_DFS_V_ROYP,0,10510.13062,0,0
D,DCONS,,1,"2024/03/15 19:45:00",1,DSNAP_INFO_NSW_INER,0,38890.52134,0,0
D,DCONS,,1,"2024/03/15 19:45:00",1,DSNAP_INFO_QLD_INER,0,42668.20068,0,0
D,DCONS,,1,"2024/03/15 19:45:00",1,DSNAP_INFO_SA_INER,0,18621.42639,0,0
D,DCONS,,1,"2024/03/15 19:45:00",1,DSNAP_INFO_SA_SYNCON,0,10004,0,0
D,DCONS,,1,"2024/03/15 19:45:00",1,DSNAP_INFO_TAS_INER,0,16175.16975,0,0
D,DCONS,,1,"2024/03/15 19:45:00",1,DSNAP_INFO_TNTH_INER,0,13027.17991,0,0
D,DCONS,,1,"2024/03/15 19:45:00",1,DSNAP_INFO_VIC_INER,0,27167.19894,0,0
D,DCONS,,1,"2024/03/15 19:45:00",1,DSNAP_N>>N-NIL_H051,0,11381.05354,0,0
D,DCONS,,1,"2024/03/15 19:45:00",1,DSNAP_N>N_LSDU_9U6_1,0,10026.8063,0,0
D,DCONS,,1,"2024/03/15 19:45:00",1,DSNAP_N>N_LSDU_9U6_2,0,10186.49055,0,0
D,DCONS,,1,"2024/03/15 19:45:00",1,DSNAP_NQ_750_DYN,0,10750,0,0
D,DCONS,,1,"2024/03/15 19:45:00",1,DSNAP_Q>>MITUM,0,12128.69347,0,0
D,DCONS,,1,"2024/03/15 19:45:00",1,DSNAP_Q>>MITUM_805,0,10637.7545,0,0
D,DCONS,,1,"2024/03/15 19:45:00",1,DSNAP_Q>>MITUM_8819,0,11202.35179,0,0
D,DCONS,,1,"2024/03/15 19:45:00",1,DSNAP_QN_1200_DYN,0,11200,0,0
D,DCONS,,1,"2024/03/15 19:45:00",1,DSNAP_Q_BKSP838,0,10690,0,0
D,DCONS,,1,"2024/03/15 19:45:00",1,DSNAP_Q_BKSP838_DN,0,10690,0,0
D,DCONS,,1,"2024/03/15 19:45:00",1,DSNAP_S:V_550_HY_DYN,0,10550,0,0
D,DCONS,,1,"2024/03/15 19:45:00",1,DSNAP_SA_PV_TRIP,0,10008.08,0,0
D,DCONS,,1,"2024/03/15 19:45:00",1,DSNAP_SA_UFLS,0,11346.47217,0,0
D,DCONS,,1,"2024/03/15 19:45:00",1,DSNAP_SA_UFLS_2,0,11346.47217,0,0
D,DCONS,,1,"2024/03/15 19:45:00",1,DSNAP_SVML,0,10227,0,0
D,DCONS,,1,"2024/03/15 19:45:00",1,DSNAP_V::N_NIL_O1,0,20209.9124,0,0
D,DCONS,,1,"2024/03/15 19:45:00",1,DSNAP_V::N_NIL_O2,0,10209.9124,0,0
D,DCONS,,1,"2024/03/15 19:45:00",1,DSNAP_V::N_NIL_V1,0,20066.12788,0,0
D,DCONS,,1,"2024/03/15 19:45:00",1,DSNAP_V::N_NIL_V2,0,10066.12788,0,0
D,DCONS,,1,"2024/03/15 19:45:00",1,DSNAP_V:S_600_HY_DYN,0,10600,0,0
D,DCONS,,1,"2024/03/15 19:45:00",1,DSNAP_VSML,0,10227,0,0
D,DCONS,,1,"2024/03/15 19:45:00",1,DSNAP_V^^N_NIL_1,0,11143.20576,0,0
D,DCONS,,1,"2024/03/15 19:45:00",1,DSNAP_V^_NIL_SW_VIC,0,11247.19458,0,0
D,DCONS,,1,"2024/03/15 19:45:00",1,D_I+BIP_ML2_L1,0,-10000,0,0
D,DCONS,,1,"2024/03/15 19:45:00",1,D_I+BIP_ML_L1,0,-9987.17089,0,0
D,DCONS,,1,"2024/03/15 19:45:00",1,D_I+GFT_TG_R1,0,-10000,0,0
D,DCONS,,1,"2024/03/15 19:45:00",1,D_I+NIL_APD_TL_L1,0,-10000,0,0
D,DCONS,,1,"2024/03/15 19:45:00",1,D_I+NIL_MG2_R1,0,-9728.28312,0,0
D,DCONS,,1,"2024/03/15 19:45:00",1,D_I+NIL_MG_R1,0,-9659.45034,0,0
D,DCONS,,1,"2024/03/15 19:45:00",1,D_I+TTS_TG_R1,0,-10000,0,0
D,DCONS,,1,"2024/03/15 19:45:00",1,D_T+NIL_BB_TG_R1,0,-9964.50025,0,0
D,DCONS,,1,"2024/03/15 19:45:00",1,D_T+NIL_MG_R1,0,-9976.16951,0,0
D,DCONS,,1,"2024/03/15 19:45:00",1,D_T+NIL_MG_RECL_R1,0,-9984.20069,0,0
D,DCONS,,1,"2024/03/15 19:45:00",1,D_T+NIL_ML_L1,0,-10000,0,0
D,DCONS,,1,"2024/03/15 19:45:00",1,D_T+NIL_TL_L1_DS,0,-19952.88856,0,0
D,DCONS,,1,"2024/03/15 19:45:00",1,D_T+NIL_WF_TG_R1,0,-9985.47188,0,0
D,DCONS,,1,"2024/03/15 19:45:00",1,F_I+BIP_ML_L1,0,12.82911,0,0
D,DCONS,,1,"2024/03/15 19:45:00",1,F_I+BIP_ML_L5,0,373.85024,0,0
D,DCONS,,1,"2024/03/15 19:45:00",1,F_I+BIP_ML_L6,0,293.54532,0.01,0
D,DCONS,,1,"2024/03/15 19:45:00",1,F_I+BIP_ML_L60,0,293.54532,0,0
D,DCONS,,1,"2024/03/15 19:45:00",1,F_I+GFT_TG_R1,0,0,0,0
D,DCONS,,1,"2024/03/15 19:45:00",1,F_I+GFT_TG_R5,0,57.75626,0,0
D,DCONS,,1,"2024/03/15 19:45:00",1,F_I+GFT_TG_R6,0,-137.26319,0,0
D,DCONS,,1,"2024/03/15 19:45:00",1,F_I+GFT_TG_R60,0,-22.54867,0,0
D,DCONS,,1,"2024/03/15 19:45:00",1,F_I+LREG_0210,0,210,0,0
D,DCONS,,1,"2024/03/15 19:45:00",1,F_I+NIL_APD_TL_L1,0,0,0,0
D,DCONS,,1,"2024/03/15 19:45:00",1,F_I+NIL_APD_TL_L5,0,457.98527,0,0
D,DCONS,,1,"2024/03/15 19:45:00",1,F_I+NIL_APD_TL_L6,0,262.96582,0,0
D,DCONS,,1,"2024/03/15 19:45:00",1,F_I+NIL_APD_TL_L60,0,377.68034,0.01,0
D,DCONS,,1,"2024/03/15 19:45:00",1,F_I+NIL_MG_R1,0,225,9.99,0
D,DCONS,,1,"2024/03/15 19:45:00",1,F_I+NIL_MG_R5,0,695.74706,0.38,0
D,DCONS,,1,"2024/03/15 19:45:00",1,F_I+NIL_MG_R6,0,615.44214,0.39,0
D,DCONS,,1,"2024/03/15 19:45:00",1,F_I+NIL_MG_R60,0,615.44214,0.39,0
D,DCONS,,1,"2024/03/15 19:45:00",1,F_I+RREG_0220,0,220,0,0
D,DCONS,,1,"2024/03/15 19:45:00",1,F_I+TTS_TG_R1,0,0,0,0
D,DCONS,,1,"2024/03/15 19:45:00",1,F_I+TTS_TG_R5,0,-34.41474,0,0
D,DCONS,,1,"2024/03/15 19:45:00",1,F_I+TTS_TG_R6,0,-229.43419,0,0
D,DCONS,,1,"2024/03/15 19:45:00",1,F_I+TTS_TG_R60,0,-114.71967,0,0
D,DCONS,,1,"2024/03/15 19:45:00",1,F_MAIN++APD_TL_L1,0,-445.41,0,0
D,DCONS,,1,"2024/03/15 19:45:00",1,F_MAIN++APD_TL_L5,0,12.57565,0.01,0
D,DCONS,,1,"2024/03/15 19:45:00",1,F_MAIN++APD_TL_L6,0,-182.43903,0,0
D,DCONS,,1,"2024/03/15 19:45:00",1,F_MAIN++APD_TL_L60,0,-67.72451,0,0
D,DCONS,,1,"2024/03/15 19:45:00",1,F_MAIN++BIP_ML_L1,0,-415.74571,0.01,0
D,DCONS,,1,"2024/03/15 19:45:00",1,F_MAIN++BIP_ML_L5,0,-71.55937,0,0
D,DCONS,,1,"2024/03/15 19:45:00",1,F_MAIN++BIP_ML_L6,0,-151.85954,0,0
D,DCONS,,1,"2024/03/15 19:45:00",1,F_MAIN++BIP_ML_L60,0,-151.85954,0,0
D,DCONS,,1,"2024/03/15 19:45:00",1,F_MAIN++GFT_TG_R1,0,-445.41,0,0
D,DCONS,,1,"2024/03/15 19:45:00",1,F_MAIN++GFT_TG_R5,0,107.75664,0,0
D,DCONS,,1,"2024/03/15 19:45:00",1,F_MAIN++GFT_TG_R6,0,-87.25805,0,0
D,DCONS,,1,"2024/03/15 19:45:00",1,F_MAIN++GFT_TG_R60,0,27.45648,0,0
D,DCONS,,1,"2024/03/15 19:45:00",1,F_MAIN++LREG_0210,0,-235.41,0.71,0
D,DCONS,,1,"2024/03/15 19:45:00",1,F_MAIN++NIL_BL_L5,0,-164.41436,0,0
D,DCONS,,1,"2024/03/15 19:45:00",1,F_MAIN++NIL_BL_L6,0,-229.42904,0,0
D,DCONS,,1,"2024/03/15 19:45:00",1,F_MAIN++NIL_BL_L60,0,-114.71452,0,0
D,DCONS,,1,"2024/03/15 19:45:00",1,F_MAIN++NIL_BL_R5,0,-10164.41436,0,0
D,DCONS,,1,"2024/03/15 19:45:00",1,F_MAIN++NIL_BL_R6,0,-10229.42904,0,0
D,DCONS,,1,"2024/03/15 19:45:00",1,F_MAIN++NIL_BL_R60,0,-10114.71452,0,0
D,DCONS,,1,"2024/03/15 19:45:00",1,F_MAIN++NIL_MG_R1,0,275,0,0
D,DCONS,,1,"2024/03/15 19:45:00",1,F_MAIN++NIL_MG_R5,0,745.74745,0,0
D,DCONS,,1,"2024/03/15 19:45:00",1,F_MAIN++NIL_MG_R6,0,665.44728,0,0
D,DCONS,,1,"2024/03/15 19:45:00",1,F_MAIN++NIL_MG_R60,0,665.44728,0,0
D,DCONS,,1,"2024/03/15 19:45:00",1,F_MAIN++RREG_0220,0,270,0,0
D,DCONS,,1,"2024/03/15 19:45:00",1,F_MAIN++TTS_TG_R1,0,-445.41,0,0
D,DCONS,,1,"2024/03/15 19:45:00",1,F_MAIN++TTS_TG_R5,0,15.58564,0,0
D,DCONS,,1,"2024/03/15 19:45:00",1,F_MAIN++TTS_TG_R6,0,-179.42904,0,0
D,DCONS,,1,"2024/03/15 19:45:00",1,F_MAIN++TTS_TG_R60,0,-64.71452,0,0
D,DCONS,,1,"2024/03/15 19:45:00",1,F_MAIN+APD_TL_L1,0,-10000,0,0
D,DCONS,,1,"2024/03/15 19:45:00",1,F_MAIN+APD_TL_L5,0,-9542.01435,0,0
D,DCONS,,1,"2024/03/15 19:45:00",1,F_MAIN+APD_TL_L6,0,-9737.02903,0,0
D,DCONS,,1,"2024/03/15 19:45:00",1,F_MAIN+APD_TL_L60,0,-9622.31451,0,0
D,DCONS,,1,"2024/03/15 19:45:00",1,F_MAIN+BIP_ML_L1,0,-9970.33571,0,0
D,DCONS,,1,"2024/03/15 19:45:00",1,F_MAIN+BIP_ML_L5,0,-9626.14937,0,0
D,DCONS,,1,"2024/03/15 19:45:00",1,F_MAIN+BIP_ML_L6,0,-9706.44954,0,0
D,DCONS,,1,"2024/03/15 19:45:00",1,F_MAIN+BIP_ML_L60,0,-9706.44954,0,0
D,DCONS,,1,"2024/03/15 19:45:00",1,F_MAIN+GFT_TG_R1,0,-10000,0,0
D,DCONS,,1,"2024/03/15 19:45:00",1,F_MAIN+GFT_TG_R5,0,-9942.24336,0,0
D,DCONS,,1,"2024/03/15 19:45:00",1,F_MAIN+GFT_TG_R6,0,-10137.25805,0,0
D,DCONS,,1,"2024/03/15 19:45:00",1,F_MAIN+GFT_TG_R60,0,-10022.54352,0,0
D,DCONS,,1,"2024/03/15 19:45:00",1,F_MAIN+LREG_0210,0,-9790,0,0
D,DCONS,,1,"2024/03/15 19:45:00",1,F_MAIN+NIL_BL_L1,0,0,0,0
D,DCONS,,1,"2024/03/15 19:45:00",1,F_MAIN+NIL_BL_R1,0,-10000,0,0
D,DCONS,,1,"2024/03/15 19:45:00",1,F_MAIN+NIL_MG_R1,0,-9775,0,0
D,DCONS,,1,"2024/03/15 19:45:00",1,F_MAIN+NIL_MG_R5,0,-9304.25255,0,0
D,DCONS,,1,"2024/03/15 19:45:00",1,F_MAIN+NIL_MG_R6,0,-9384.55272,0,0
D,DCONS,,1,"2024/03/15 19:45:00",1,F_MAIN+NIL_MG_R60,0,-9384.55272,0,0
D,DCONS,,1,"2024/03/15 19:45:00",1,F_MAIN+RREG_0220,0,-9780,0,0
D,DCONS,,1,"2024/03/15 19:45:00",1,F_MAIN+TTS_TG_R1,0,-10000,0,0
D,DCONS,,1,"2024/03/15 19:45:00",1,F_MAIN+TTS_TG_R5,0,-10034.41436,0,0
D,DCONS,,1,"2024/03/15 19:45:00",1,F_MAIN+TTS_TG_R6,0,-10229.42904,0,0
D,DCONS,,1,"2024/03/15 19:45:00",1,F_MAIN+TTS_TG_R60,0,-10114.71452,0,0
D,DCONS,,1,"2024/03/15 19:45:00",1,F_Q++NIL_R5,0,1390,0,0
D,DCONS,,1,"2024/03/15 19:45:00",1,F_Q++NIL_R6,0,1390,0,0
D,DCONS,,1,"2024/03/15 19:45:00",1,F_Q++NIL_R60,0,1390,0,0
D,DCONS,,1,"2024/03/15 19:45:00",1,F_S+NIL_HPR_G+L_LREG,0,2969.39969,0,0
D,DCONS,,1,"2024/03/15 19:45:00",1,F_S+NIL_HPR_G+L_RREG,0,3030.5997,0,0
D,DCONS,,1,"2024/03/15 19:45:00",1,F_T++NIL_BB_TG_R5,0,-495.41039,0,0
D,DCONS,,1,"2024/03/15 19:45:00",1,F_T++NIL_BB_TG_R6,0,-445.41515,0,0
D,DCONS,,1,"2024/03/15 19:45:00",1,F_T++NIL_BB_TG_R60,0,-445.41515,0,0
D,DCONS,,1,"2024/03/15 19:45:00",1,F_T++NIL_BLSPS_L5,0,-20050.00049,0,0
D,DCONS,,1,"2024/03/15 19:45:00",1,F_T++NIL_BLSPS_L6,0,-20000.00525,0,0
D,DCONS,,1,"2024/03/15 19:45:00",1,F_T++NIL_BLSPS_L60,0,-20000.00525,0,0
D,DCONS,,1,"2024/03/15 19:45:00",1,F_T++NIL_BLSPS_R5,0,-10050.00049,0,0
D,DCONS,,1,"2024/03/15 19:45:00",1,F_T++NIL_BLSPS_R6,0,-10000.00525,0,0
D,DCONS,,1,"2024/03/15 19:45:00",1,F_T++NIL_BLSPS_R60,0,-10000.00525,0,0
D,DCONS,,1,"2024/03/15 19:45:00",1,F_T++NIL_MG_R5,0,-393.14442,0,0
D,DCONS,,1,"2024/03/15 19:45:00",1,F_T++NIL_MG_R6,0,-343.14918,0,0
D,DCONS,,1,"2024/03/15 19:45:00",1,F_T++NIL_MG_R60,0,-343.14918,0,0
D,DCONS,,1,"2024/03/15 19:45:00",1,F_T++NIL_MG_RECL_R5,0,-470.79119,0,0
D,DCONS,,1,"2024/03/15 19:45:00",1,F_T++NIL_MG_RECL_R6,0,-420.79595,0,0
D,DCONS,,1,"2024/03/15 19:45:00",1,F_T++NIL_MG_RECL_R60,0,-420.79595,0,0
D,DCONS,,1,"2024/03/15 19:45:00",1,F_T++NIL_ML_L5,0,114.87461,0,0
D,DCONS,,1,"2024/03/15 19:45:00",1,F_T++NIL_ML_L6,0,164.86985,0,0
D,DCONS,,1,"2024/03/15 19:45:00",1,F_T++NIL_ML_L60,0,164.86985,0,0
D,DCONS,,1,"2024/03/15 19:45:00",1,F_T++NIL_TL_L5_DS,0,-9830.50039,0,0
D,DCONS,,1,"2024/03/15 19:45:00",1,F_T++NIL_TL_L60_DS,0,-9780.50515,0,0
D,DCONS,,1,"2024/03/15 19:45:00",1,F_T++NIL_TL_L6_DS,0,-9780.50515,0,0
D,DCONS,,1,"2024/03/15 19:45:00",1,F_T++NIL_WF_TG_R5,0,-471.51039,0,0
D,DCONS,,1,"2024/03/15 19:45:00",1,F_T++NIL_WF_TG_R6,0,-421.51515,0,0
D,DCONS,,1,"2024/03/15 19:45:00",1,F_T++NIL_WF_TG_R60,0,-421.51515,0,0
D,DCONS,,1,"2024/03/15 19:45:00",1,F_T+LREG_0050,0,50,2.08,0
D,DCONS,,1,"2024/03/15 19:45:00",1,F_T+NIL_BB_TG_R5,0,-10050.00039,0,0
D,DCONS,,1,"2024/03/15 19:45:00",1,F_T+NIL_BB_TG_R6,0,-10000.00515,0,0
D,DCONS,,1,"2024/03/15 19:45:00",1,F_T+NIL_BB_TG_R60,0,-10000.00515,0,0
D,DCONS,,1,"2024/03/15 19:45:00",1,F_T+NIL_MG_R5,0,-9947.73442,0,0
D,DCONS,,1,"2024/03/15 19:45:00",1,F_T+NIL_MG_R6,0,-9897.73918,0,0
D,DCONS,,1,"2024/03/15 19:45:00",1,F_T+NIL_MG_R60,0,-9897.73918,0,0
D,DCONS,,1,"2024/03/15 19:45:00",1,F_T+NIL_MG_RECL_R5,0,-10025.38119,0,0
D,DCONS,,1,"2024/03/15 19:45:00",1,F_T+NIL_MG_RECL_R6,0,-9975.38595,0,0
D,DCONS,,1,"2024/03/15 19:45:00",1,F_T+NIL_MG_RECL_R60,0,-9975.38595,0,0
D,DCONS,,1,"2024/03/15 19:45:00",1,F_T+NIL_ML_L5,0,-9935.12539,0,0
D,DCONS,,1,"2024/03/15 19:45:00",1,F_T+NIL_ML_L6,0,-9885.13015,0,0
D,DCONS,,1,"2024/03/15 19:45:00",1,F_T+NIL_ML_L60,0,-9885.13015,0,0
D,DCONS,,1,"2024/03/15 19:45:00",1,F_T+NIL_TL_L5_DS,0,-19880.50039,0,0
D,DCONS,,1,"2024/03/15 19:45:00",1,F_T+NIL_TL_L60_DS,0,-19830.50515,0,0
D,DCONS,,1,"2024/03/15 19:45:00",1,F_T+NIL_TL_L6_DS,0,-19830.50515,0,0
D,DCONS,,1,"2024/03/15 19:45:00",1,F_T+NIL_WF_TG_R5,0,-10026.10039,0,0
D,DCONS,,1,"2024/03/15 19:45:00",1,F_T+NIL_WF_TG_R6,0,-9976.10515,0,0
D,DCONS,,1,"2024/03/15 19:45:00",1,F_T+NIL_WF_TG_R60,0,-9976.10515,0,0
D,DCONS,,1,"2024/03/15 19:45:00",1,F_T+RREG_0050,0,50,5.84,0
D,DCONS,,1,"2024/03/15 19:45:00",1,F_TASCAP_LREG_0210,0,160,0,0
D,DCONS,,1,"2024/03/15 19:45:00",1,F_TASCAP_RREG_0220,0,170,2.87,0
D,DCONS,,1,"2024/03/15 19:45:00",1,F_T_NIL_MINP_R6,0,27.48001,0,0
D,DCONS,,1,"2024/03/15 19:45:00",1,N::N_NIL_63,0,1076.45219,0,0
D,DCONS,,1,"2024/03/15 19:45:00",1,N::Q_NIL_KC,0,1584.18542,0,0
D,DCONS,,1,"2024/03/15 19:45:00",1,N::Q_NIL_LDMU,0,979.05642,0,0
D,DCONS,,1,"2024/03/15 19:45:00",1,N::Q_NIL_LDTW,0,919.08984,0,0
D,DCONS,,1,"2024/03/15 19:45:00",1,N::Q_NIL_TNT,0,1509.16611,0,0
D,DCONS,,1,"2024/03/15 19:45:00",1,N::V_NIL_BWSW,0,1494.129,0,0
D,DCONS,,1,"2024/03/15 19:45:00",1,N::V_NIL_MSDD,0,1639.10749,0,0
D,DCONS,,1,"2024/03/15 19:45:00",1,N::V_NIL_UTMS,0,1646.49515,0,0
D,DCONS,,1,"2024/03/15 19:45:00",1,N:V_NIL_BWRG,0,1213.28909,0,0
D,DCONS,,1,"2024/03/15 19:45:00",1,N:V_NIL_BYYS,0,1626.06373,0,0
D,DCONS,,1,"2024/03/15 19:45:00",1,N>79_94T_72,0,195.19857,0,0
D,DCONS,,1,"2024/03/15 19:45:00",1,N>79_998_72,0,104.89516,0,0
D,DCONS,,1,"2024/03/15 19:45:00",1,N>984_983_987,0,614.5417,0,0
D,DCONS,,1,"2024/03/15 19:45:00",1,N>9U6/9U7_8507_9U7,0,204.27909,0,0
D,DCONS,,1,"2024/03/15 19:45:00",1,N>>79_33_34,0,1184.35653,0,0
D,DCONS,,1,"2024/03/15 19:45:00",1,N>>79_944_72,0,-97.90198,0,0
D,DCONS,,1,"2024/03/15 19:45:00",1,N>>79_949_72,0,-106.50709,0,0
D,DCONS,,1,"2024/03/15 19:45:00",1,N>>79_94X_72,0,-73.75523,0,0
D,DCONS,,1,"2024/03/15 19:45:00",1,N>>NIL_01_62,0,3925.36813,0,0
D,DCONS,,1,"2024/03/15 19:45:00",1,N>>NIL_060,0,1951.83231,0,0
D,DCONS,,1,"2024/03/15 19:45:00",1,N>>NIL_07,0,3559.81249,0,0
D,DCONS,,1,"2024/03/15 19:45:00",1,N>>NIL_1,0,3376.35509,0,0
D,DCONS,,1,"2024/03/15 19:45:00",1,N>>NIL_16_18,0,6633.28838,0,0
D,DCONS,,1,"2024/03/15 19:45:00",1,N>>NIL_16_39,0,5601.51039,0,0
D,DCONS,,1,"2024/03/15 19:45:00",1,N>>NIL_16_3W,0,6652.12344,0,0
D,DCONS,,1,"2024/03/15 19:45:00",1,N>>NIL_16_76,0,6684.98404,0,0
D,DCONS,,1,"2024/03/15 19:45:00",1,N>>NIL_16_8,0,4653.14224,0,0
D,DCONS,,1,"2024/03/15 19:45:00",1,N>>NIL_18_16,0,1462.51918,0,0
D,DCONS,,1,"2024/03/15 19:45:00",1,N>>NIL_18_4_N,0,1476.34295,0,0
D,DCONS,,1,"2024/03/15 19:45:00",1,N>>NIL_18_4_S,0,1186.64039,0,0
D,DCONS,,1,"2024/03/15 19:45:00",1,N>>NIL_18_5_N,0,1501.36837,0,0
D,DCONS,,1,"2024/03/15 19:45:00",1,N>>NIL_18_5_S,0,1177.79942,0,0
D,DCONS,,1,"2024/03/15 19:45:00",1,N>>NIL_18_61,0,1172.56067,0,0
D,DCONS,,1,"2024/03/15 19:45:00",1,N>>NIL_18_8,0,1472.23485,0,0
D,DCONS,,1,"2024/03/15 19:45:00",1,N>>NIL_1_3,0,13465.23483,0,0
D,DCONS,,1,"2024/03/15 19:45:00",1,N>>NIL_1_3_LSC1_ON,0,3678.74776,0,0
D,DCONS,,1,"2024/03/15 19:45:00",1,N>>NIL_1_6X,0,13006.5383,0,0
D,DCONS,,1,"2024/03/15 19:45:00",1,N>>NIL_1_6X_LSC1_ON,0,3148.85891,0,0
D,DCONS,,1,"2024/03/15 19:45:00",1,N>>NIL_1_7,0,13137.88153,0,0
D,DCONS,,1,"2024/03/15 19:45:00",1,N>>NIL_1_7_LSC1_ON,0,3350.32928,0,0
D,DCONS,,1,"2024/03/15 19:45:00",1,N>>NIL_23_22,0,4458.96712,0,0
D,DCONS,,1,"2024/03/15 19:45:00",1,N>>NIL_23_25,0,4279.36463,0,0
D,DCONS,,1,"2024/03/15 19:45:00",1,N>>NIL_3,0,3686.28376,0,0
D,DCONS,,1,"2024/03/15 19:45:00",1,N>>NIL_33_34,0,1185.72346,0,0
D,DCONS,,1,"2024/03/15 19:45:00",1,N>>NIL_39_11,0,5903.88452,0,0
D,DCONS,,1,"2024/03/15 19:45:00",1,N>>NIL_39_17,0,5795.37981,0,0
D,DCONS,,1,"2024/03/15 19:45:00",1,N>>NIL_3L,0,2688.95627,0,0
D,DCONS,,1,"2024/03/15 19:45:00",1,N>>NIL_3L_18_N,0,3793.21787,0,0
D,DCONS,,1,"2024/03/15 19:45:00",1,N>>NIL_3L_3J_N,0,4305.78939,0,0
D,DCONS,,1,"2024/03/15 19:45:00",1,N>>NIL_3L_3P_N,0,4253.87295,0,0
D,DCONS,,1,"2024/03/15 19:45:00",1,N>>NIL_3L_3W,0,3802.96335,0,0
D,DCONS,,1,"2024/03/15 19:45:00",1,N>>NIL_3L_5_N,0,4305.08574,0,0
D,DCONS,,1,"2024/03/15 19:45:00",1,N>>NIL_3_7,0,13244.14819,0,0
D,DCONS,,1,"2024/03/15 19:45:00",1,N>>NIL_3_7_LSC1_ON,0,13270.71303,0,0
D,DCONS,,1,"2024/03/15 19:45:00",1,N>>NIL_3_7_LSC2_ON,0,3319.08867,0,0
D,DCONS,,1,"2024/03/15 19:45:00",1,N>>NIL_4,0,1976.82518,0,0
D,DCONS,,1,"2024/03/15 19:45:00",1,N>>NIL_4_18_S,0,1875.31717,0,0
D,DCONS,,1,"2024/03/15 19:45:00",1,N>>NIL_4_5_N,0,2556.19887,0,0
D,DCONS,,1,"2024/03/15 19:45:00",1,N>>NIL_4_5_S,0,1671.31281,0,0
D,DCONS,,1,"2024/03/15 19:45:00",1,N>>NIL_4_61_N,0,2499.70515,0,0
D,DCONS,,1,"2024/03/15 19:45:00",1,N>>NIL_4_61_S,0,1669.90038,0,0
D,DCONS,,1,"2024/03/15 19:45:00",1,N>>NIL_4_6_S,0,1829.53255,0,0
D,DCONS,,1,"2024/03/15 19:45:00",1,N>>NIL_5_18_N,0,4989.34765,0,0
D,DCONS,,1,"2024/03/15 19:45:00",1,N>>NIL_5_18_S,0,3262.87293,0,0
D,DCONS,,1,"2024/03/15 19:45:00",1,N>>NIL_5_3J_N,0,4684.66591,0,0
D,DCONS,,1,"2024/03/15 19:45:00",1,N>>NIL_5_3L_N,0,4593.17448,0,0
D,DCONS,,1,"2024/03/15 19:45:00",1,N>>NIL_5_3P_N,0,4399.33624,0,0
D,DCONS,,1,"2024/03/15 19:45:00",1,N>>NIL_5_3W,0,5001.56043,0,0
D,DCONS,,1,"2024/03/15 19:45:00",1,N>>NIL_5_4_S,0,2577.55706,0,0
D,DCONS,,1,"2024/03/15 19:45:00",1,N>>NIL_5_61_N,0,4354.24365,0,0
D,DCONS,,1,"2024/03/15 19:45:00",1,N>>NIL_5_61_S,0,2585.21727,0,0
D,DCONS,,1,"2024/03/15 19:45:00",1,N>>NIL_5_6_S,0,3181.71647,0,0
D,DCONS,,1,"2024/03/15 19:45:00",1,N>>NIL_61_18,0,2029.97911,0,0
D,DCONS,,1,"2024/03/15 19:45:00",1,N>>NIL_61_3L,0,2080.4644,0,0
D,DCONS,,1,"2024/03/15 19:45:00",1,N>>NIL_61_3W,0,2035.16183,0,0
D,DCONS,,1,"2024/03/15 19:45:00",1,N>>NIL_61_4,0,2037.86801,0,0
D,DCONS,,1,"2024/03/15 19:45:00",1,N>>NIL_61_5,0,2098.43864,0,0
D,DCONS,,1,"2024/03/15 19:45:00",1,N>>NIL_62,0,2945.94101,0,0
D,DCONS,,1,"2024/03/15 19:45:00",1,N>>NIL_64_65,0,2554.33922,0,0
D,DCONS,,1,"2024/03/15 19:45:00",1,N>>NIL_64_66,0,2367.00835,0,0
D,DCONS,,1,"2024/03/15 19:45:00",1,N>>NIL_64_N,0,2422.13896,0,0
D,DCONS,,1,"2024/03/15 19:45:00",1,N>>NIL_64_S,0,2754.33006,0,0
D,DCONS,,1,"2024/03/15 19:45:00",1,N>>NIL_6X,0,3844.12443,0,0
D,DCONS,,1,"2024/03/15 19:45:00",1,N>>NIL_6X_1,0,3260.80952,0,0
D,DCONS,,1,"2024/03/15 19:45:00",1,N>>NIL_6X_3,0,3550.05059,0,0
D,DCONS,,1,"2024/03/15 19:45:00",1,N>>NIL_6X_9,0,3631.82902,0,0
D,DCONS,,1,"2024/03/15 19:45:00",1,N>>NIL_70_71,0,4348.23704,0,0
D,DCONS,,1,"2024/03/15 19:45:00",1,N>>NIL_76_77,0,5766.30082,0,0
D,DCONS,,1,"2024/03/15 19:45:00",1,N>>NIL_77_76,0,5754.64644,0,0
D,DCONS,,1,"2024/03/15 19:45:00",1,N>>NIL_7_1,0,13197.19995,0,0
D,DCONS,,1,"2024/03/15 19:45:00",1,N>>NIL_7_1_LSC1_ON,0,3225.64137,0,0
D,DCONS,,1,"2024/03/15 19:45:00",1,N>>NIL_7_3,0,12940.20074,0,0
D,DCONS,,1,"2024/03/15 19:45:00",1,N>>NIL_7_3_LSC1_ON,0,12958.91246,0,0
D,DCONS,,1,"2024/03/15 19:45:00",1,N>>NIL_7_3_LSC2_ON,0,2995.62405,0,0
D,DCONS,,1,"2024/03/15 19:45:00",1,N>>NIL_81,0,7164.09054,0,0
D,DCONS,,1,"2024/03/15 19:45:00",1,N>>NIL_81_31,0,7273.17456,0,0
D,DCONS,,1,"2024/03/15 19:45:00",1,N>>NIL_81_82,0,6099.21002,0,0
D,DCONS,,1,"2024/03/15 19:45:00",1,N>>NIL_82,0,8291.51891,0,0
D,DCONS,,1,"2024/03/15 19:45:00",1,N>>NIL_82_81,0,6688.57611,0,0
D,DCONS,,1,"2024/03/15 19:45:00",1,N>>NIL_83_84_OPEN,0,773.42898,0,0
D,DCONS,,1,"2024/03/15 19:45:00",1,N>>NIL_84_83_OPEN,0,1041.79091,0,0
D,DCONS,,1,"2024/03/15 19:45:00",1,N>>NIL_84_88_S,0,2241.56462,0,0
D,DCONS,,1,"2024/03/15 19:45:00",1,N>>NIL_85_86_S,0,1902.69627,0,0
D,DCONS,,1,"2024/03/15 19:45:00",1,N>>NIL_86_85_N,0,955.01237,0,0
D,DCONS,,1,"2024/03/15 19:45:00",1,N>>NIL_86_85_S,0,1788.77205,0,0
D,DCONS,,1,"2024/03/15 19:45:00",1,N>>NIL_86_8U_S,0,1777.61752,0,0
D,DCONS,,1,"2024/03/15 19:45:00",1,N>>NIL_86_N,0,1894.662,0,0
D,DCONS,,1,"2024/03/15 19:45:00",1,N>>NIL_86_NIL_S,0,2722.29254,0,0
D,DCONS,,1,"2024/03/15 19:45:00",1,N>>NIL_88_84_N,0,929.35587,0,0
D,DCONS,,1,"2024/03/15 19:45:00",1,N>>NIL_88_84_S,0,1997.06723,0,0
D,DCONS,,1,"2024/03/15 19:45:00",1,N>>NIL_8E_8C_S,0,1653.36329,0,0
D,DCONS,,1,"2024/03/15 19:45:00",1,N>>NIL_8U_86_S,0,1650.87887,0,0
D,DCONS,,1,"2024/03/15 19:45:00",1,N>>NIL_8_16,0,4423.94651,0,0
D,DCONS,,1,"2024/03/15 19:45:00",1,N>>NIL_8_18,0,6203.29422,0,0
D,DCONS,,1,"2024/03/15 19:45:00",1,N>>NIL_8_3W,0,6225.62126,0,0
D,DCONS,,1,"2024/03/15 19:45:00",1,N>>NIL_964_84_S,0,1358.82667,0,0
D,DCONS,,1,"2024/03/15 19:45:00",1,N>>NIL_964_88_S,0,1357.66115,0,0
D,DCONS,,1,"2024/03/15 19:45:00",1,N>>NIL_966/1_87_S,0,176.03979,0,0
D,DCONS,,1,"2024/03/15 19:45:00",1,N>>NIL_967_89_S,0,341.03393,0,0
D,DCONS,,1,"2024/03/15 19:45:00",1,N>>NIL_970_051,0,379.71746,0,0
D,DCONS,,1,"2024/03/15 19:45:00",1,N>>NIL_990,0,1654.92607,0,0
D,DCONS,,1,"2024/03/15 19:45:00",1,N>>NIL_990_051,0,1254.81627,0,0
D,DCONS,,1,"2024/03/15 19:45:00",1,N>>NIL_991,0,1528.21203,0,0
D,DCONS,,1,"2024/03/15 19:45:00",1,N>>NIL_991_051,0,1271.57542,0,0
D,DCONS,,1,"2024/03/15 19:45:00",1,N>>NIL_994,0,502.55317,0,0
D,DCONS,,1,"2024/03/15 19:45:00",1,N>>NIL_996_62,0,705.97463,0,0
D,DCONS,,1,"2024/03/15 19:45:00",1,N>>NIL_998,0,200.7408,0,0
D,DCONS,,1,"2024/03/15 19:45:00",1,N>>NIL_9_18_N,0,2386.01435,0,0
D,DCONS,,1,"2024/03/15 19:45:00",1,N>>NIL_9_18_S,0,1238.48679,0,0
D,DCONS,,1,"2024/03/15 19:45:00",1,N>>NIL_9_6,0,1163.06779,0,0
D,DCONS,,1,"2024/03/15 19:45:00",1,N>>NIL_DPTX_HV,0,369.92491,0,0
D,DCONS,,1,"2024/03/15 19:45:00",1,N>>NIL_DPTX_LV,0,584.80118,0,0
D,DCONS,,1,"2024/03/15 19:45:00",1,N>>NIL_X3_060,0,958.63369,0,0
D,DCONS,,1,"2024/03/15 19:45:00",1,N>>NIL_YSTX_051,0,798.90694,0,0
D,DCONS,,1,"2024/03/15 19:45:00",1,N>>NIL_YSTX_LV,0,630.72444,0,0
D,DCONS,,1,"2024/03/15 19:45:00",1,N>>V_NIL_0X1,0,663.9016,0,0
D,DCONS,,1,"2024/03/15 19:45:00",1,N>>V_NIL_0X1_60,0,760.11562,0,0
D,DCONS,,1,"2024/03/15 19:45:00",1,N>>V_NIL_0X1_62,0,749.76914,0,0
D,DCONS,,1,"2024/03/15 19:45:00",1,N>>V_NIL_65,0,1106.04599,0,0
D,DCONS,,1,"2024/03/15 19:45:00",1,N>>V_NIL_65_66,0,1065.95211,0,0
D,DCONS,,1,"2024/03/15 19:45:00",1,N>>V_NIL_65_LTWG,0,1192.75598,0,0
D,DCONS,,1,"2024/03/15 19:45:00",1,N>>V_NIL_66,0,1719.04142,0,0
D,DCONS,,1,"2024/03/15 19:45:00",1,N>>V_NIL_66_65,0,1117.62137,0,0
D,DCONS,,1,"2024/03/15 19:45:00",1,N>>V_NIL_66_LTWG,0,1798.71095,0,0
D,DCONS,,1,"2024/03/15 19:45:00",1,N>N-NIL_TE_LOAD,0,9999,0,0
D,DCONS,,1,"2024/03/15 19:45:00",1,N>NIL-BHTX_BHTX_NIL,0,50.86152,0,0
D,DCONS,,1,"2024/03/15 19:45:00",1,N>NIL_051,0,1366.15226,0,0
D,DCONS,,1,"2024/03/15 19:45:00",1,N>NIL_8J_8C,0,1507.57896,0,0
D,DCONS,,1,"2024/03/15 19:45:00",1,N>NIL_901,0,124.83407,0,0
D,DCONS,,1,"2024/03/15 19:45:00",1,N>NIL_947_94T,0,427.67208,0,0
D,DCONS,,1,"2024/03/15 19:45:00",1,N>NIL_94B,0,195.87405,0,0
D,DCONS,,1,"2024/03/15 19:45:00",1,N>NIL_94K_1,0,194.2128,0,0
D,DCONS,,1,"2024/03/15 19:45:00",1,N>NIL_94M,0,471.17253,0,0
D,DCONS,,1,"2024/03/15 19:45:00",1,N>NIL_94T,0,203.6707,0,0
D,DCONS,,1,"2024/03/15 19:45:00",1,N>NIL_94T_75,0,247.7342,0,0
D,DCONS,,1,"2024/03/15 19:45:00",1,N>NIL_94T_79,0,247.61897,0,0
D,DCONS,,1,"2024/03/15 19:45:00",1,N>NIL_94T_947,0,243.69827,0,0
D,DCONS,,1,"2024/03/15 19:45:00",1,N>NIL_967_89,0,10087.3684,0,0
D,DCONS,,1,"2024/03/15 19:45:00",1,N>NIL_969,0,136.828,0,0
D,DCONS,,1,"2024/03/15 19:45:00",1,N>NIL_96C_87,0,10321.4302,0,0
D,DCONS,,1,"2024/03/15 19:45:00",1,N>NIL_973,0,526.76791,0,0
D,DCONS,,1,"2024/03/15 19:45:00",1,N>NIL_977_976,0,79.04998,0,0
D,DCONS,,1,"2024/03/15 19:45:00",1,N>NIL_993,0,257.79412,0,0
D,DCONS,,1,"2024/03/15 19:45:00",1,N>NIL_997/1_6Y,0,319.48577,0,0
D,DCONS,,1,"2024/03/15 19:45:00",1,N>NIL_997/2_62,0,261.84034,0,0
D,DCONS,,1,"2024/03/15 19:45:00",1,N>NIL_997/2_99A,0,201.15418,0,0
D,DCONS,,1,"2024/03/15 19:45:00",1,N>NIL_997_99A,0,245.60479,0,0
D,DCONS,,1,"2024/03/15 19:45:00",1,N>NIL_999,0,324.98301,0,0
D,DCONS,,1,"2024/03/15 19:45:00",1,N>NIL_99F,0,453.51327,0,0
D,DCONS,,1,"2024/03/15 19:45:00",1,N>NIL_99U,0,189.93617,0,0
D,DCONS,,1,"2024/03/15 19:45:00",1,N>NIL_9GL,0,152.98451,0,0
D,DCONS,,1,"2024/03/15 19:45:00",1,N>NIL_9GM,0,133.12991,0,0
D,DCONS,,1,"2024/03/15 19:45:00",1,N>NIL_9J5/1,0,181.51526,0,0
D,DCONS,,1,"2024/03/15 19:45:00",1,N>NIL_9J5/2,0,272.67146,0,0
D,DCONS,,1,"2024/03/15 19:45:00",1,N>NIL_9J6,0,235.47102,0,0
D,DCONS,,1,"2024/03/15 19:45:00",1,N>NIL_9ML,0,253.44442,0,0
D,DCONS,,1,"2024/03/15 19:45:00",1,N>NIL_9R1,0,1663.14418,0,0
D,DCONS,,1,"2024/03/15 19:45:00",1,N>NIL_9R4,0,245.84497,0,0
D,DCONS,,1,"2024/03/15 19:45:00",1,N>NIL_9R4_99A,0,187.70639,0,0
D,DCONS,,1,"2024/03/15 19:45:00",1,N>NIL_9R4_9R3,0,169.75058,0,0
D,DCONS,,1,"2024/03/15 19:45:00",1,N>NIL_9R5,0,346.40807,0,0
D,DCONS,,1,"2024/03/15 19:45:00",1,N>NIL_9R5_9R6,0,207.68188,0,0
D,DCONS,,1,"2024/03/15 19:45:00",1,N>NIL_9R5_9R6_N,0,108.88859,0,0
D,DCONS,,1,"2024/03/15 19:45:00",1,N>NIL_9R6,0,306.22593,0,0
D,DCONS,,1,"2024/03/15 19:45:00",1,N>NIL_9R6_991,0,335.40778,0,0
D,DCONS,,1,"2024/03/15 19:45:00",1,N>NIL_9R6_9R5,0,208.40228,0,0
D,DCONS,,1,"2024/03/15 19:45:00",1,N>NIL_9R6_9R5_N,0,108.16318,0,0
D,DCONS,,1,"2024/03/15 19:45:00",1,N>NIL_9U3,0,599.24141,0,0
D,DCONS,,1,"2024/03/15 19:45:00",1,N>NIL_9U9_9U8,0,168.07292,0,0
D,DCONS,,1,"2024/03/15 19:45:00",1,N>NIL_CLDP,0,275.71183,0,0
D,DCONS,,1,"2024/03/15 19:45:00",1,N>NIL_LSDU,0,59.65359,0,0
D,DCONS,,1,"2024/03/15 19:45:00",1,N>NIL_MBDU,0,188.56081,0,0
D,DCONS,,1,"2024/03/15 19:45:00",1,N>NIL_PKTX_LV,0,117.63134,0,0
D,DCONS,,1,"2024/03/15 19:45:00",1,N>NIL_X2,0,403.3592,0,0
D,DCONS,,1,"2024/03/15 19:45:00",1,N>N_LSDU_9U6_1,0,31.2,0,0
D,DCONS,,1,"2024/03/15 19:45:00",1,N>N_LSDU_9U6_2,0,157,0,0
D,DCONS,,1,"2024/03/15 19:45:00",1,N>N_LSDU_9U6_3,0,93.36108,0,0
D,DCONS,,1,"2024/03/15 19:45:00",1,N>Q-NIL_757_758,0,84.88536,0,0
D,DCONS,,1,"2024/03/15 19:45:00",1,NQTE_ROC,0,91.8,0,0
D,DCONS,,1,"2024/03/15 19:45:00",1,NQ_750_DYN_TEST,0,750,0,0
D,DCONS,,1,"2024/03/15 19:45:00",1,NQ_750_TEST,0,750,0,0
D,DCONS,,1,"2024/03/15 19:45:00",1,NRM_NSW1_QLD1,0,10099.0999,0,0
D,DCONS,,1,"2024/03/15 19:45:00",1,NRM_NSW1_VIC1,0,10119.18551,0,0
D,DCONS,,1,"2024/03/15 19:45:00",1,NRM_QLD1_NSW1,0,10000,0,0
D,DCONS,,1,"2024/03/15 19:45:00",1,NRM_SA1_VIC1,0,10000,0,0
D,DCONS,,1,"2024/03/15 19:45:00",1,NRM_VIC1_NSW1,0,10000,0,0
D,DCONS,,1,"2024/03/15 19:45:00",1,NRM_VIC1_SA1,0,10360.06158,0,0
D,DCONS,,1,"2024/03/15 19:45:00",1,N^^N_NIL_1,0,2589.81945,0,0
D,DCONS,,1,"2024/03/15 19:45:00",1,N^^N_NIL_X5_BEKG,0,468.54433,0,0
D,DCONS,,1,"2024/03/15 19:45:00",1,N^^N_NIL_X5_BESH,0,519.67948,0,0
D,DCONS,,1,"2024/03/15 19:45:00",1,N^^Q_NIL_CPP_3,0,1264.4667,0,0
D,DCONS,,1,"2024/03/15 19:45:00",1,N^^Q_NIL_CPP_4,0,1264.4667,0,0
D,DCONS,,1,"2024/03/15 19:45:00",1,N^^Q_NIL_KPP_1,0,1264.4667,0,0
D,DCONS,,1,"2024/03/15 19:45:00",1,N^^Q_NIL_MAXGEN,0,918.35074,0,0
D,DCONS,,1,"2024/03/15 19:45:00",1,N^^Q_NIL_MPP_1,0,1264.4667,0,0
D,DCONS,,1,"2024/03/15 19:45:00",1,N^^Q_NIL_MPP_2,0,1264.4667,0,0
D,DCONS,,1,"2024/03/15 19:45:00",1,N^^Q_NIL_TNPS1,0,1264.4667,0,0
D,DCONS,,1,"2024/03/15 19:45:00",1,N^^V_NIL_1,0,421.77344,0,0
D,DCONS,,1,"2024/03/15 19:45:00",1,N^^V_NIL_ARWBBA,0,455.39443,0,0
D,DCONS,,1,"2024/03/15 19:45:00",1,N_NIL_TE_A,0,143.1,0,0
D,DCONS,,1,"2024/03/15 19:45:00",1,N_NIL_TE_B,0,216.9,0,0
D,DCONS,,1,"2024/03/15 19:45:00",1,N_V_HV1700_OSC_AUTO,0,11700.1,0,0
D,DCONS,,1,"2024/03/15 19:45:00",1,N_WDR_NO_SCADA,0,140,0,0
D,DCONS,,1,"2024/03/15 19:45:00",1,Q:NIL_CS,0,5111.6331,0,0
D,DCONS,,1,"2024/03/15 19:45:00",1,Q>>NIL_BCCP_BCRG,0,3477.52791,0,0
D,DCONS,,1,"2024/03/15 19:45:00",1,Q>>NIL_BCCP_LCCP,0,3759.16298,0,0
D,DCONS,,1,"2024/03/15 19:45:00",1,Q>>NIL_BCCP_RGLC,0,3306.3383,0,0
D,DCONS,,1,"2024/03/15 19:45:00",1,Q>>NIL_CLWU_BCCP,0,4463.99324,0,0
D,DCONS,,1,"2024/03/15 19:45:00",1,Q>>NIL_CLWU_BCRG,0,4051.53655,0,0
D,DCONS,,1,"2024/03/15 19:45:00",1,Q>>NIL_CLWU_LCCP,0,4432.83148,0,0
D,DCONS,,1,"2024/03/15 19:45:00",1,Q>>NIL_CLWU_RGLC,0,3821.43185,0,0
D,DCONS,,1,"2024/03/15 19:45:00",1,Q>>NIL_LCCP_BCCP,0,3699.64014,0,0
D,DCONS,,1,"2024/03/15 19:45:00",1,Q>>NIL_MRGB_MRTX1,0,11790.33392,0,0
D,DCONS,,1,"2024/03/15 19:45:00",1,Q>>NIL_MRTX5_MRTX4,0,3063.02601,0,0
D,DCONS,,1,"2024/03/15 19:45:00",1,Q>>NIL_WOSP_PWSP,0,4422.0036,0,0
D,DCONS,,1,"2024/03/15 19:45:00",1,Q>>NIL_WOSP_WOPW,0,3968.58915,0,0
D,DCONS,,1,"2024/03/15 19:45:00",1,Q>N-NIL_8L_8M,0,1388.03319,0,0
D,DCONS,,1,"2024/03/15 19:45:00",1,Q>NIL_757_758_ECS,0,201.6,0,0
D,DCONS,,1,"2024/03/15 19:45:00",1,Q>NIL_BI_FB,0,709.00704,0,0
D,DCONS,,1,"2024/03/15 19:45:00",1,Q>NIL_CLBTX_CLBTX,0,887.3473,0,0
D,DCONS,,1,"2024/03/15 19:45:00",1,Q>NIL_DRLCLB_NIL,0,221.34095,0,0
D,DCONS,,1,"2024/03/15 19:45:00",1,Q>NIL_MRTA_A,0,9990,0,0
D,DCONS,,1,"2024/03/15 19:45:00",1,Q>NIL_MRTA_B,0,9990,0,0
D,DCONS,,1,"2024/03/15 19:45:00",1,Q>NIL_MRTA_C,0,389.42039,0,0
D,DCONS,,1,"2024/03/15 19:45:00",1,Q>NIL_MUTE_757,0,20000,0,0
D,DCONS,,1,"2024/03/15 19:45:00",1,Q>NIL_MUTE_758,0,20000,0,0
D,DCONS,,1,"2024/03/15 19:45:00",1,Q>NIL_MUTX_MUTX,0,10000,0,0
D,DCONS,,1,"2024/03/15 19:45:00",1,Q>NIL_TV66,0,369.88135,0,0
D,DCONS,,1,"2024/03/15 19:45:00",1,Q>NIL_YLMR,0,116.11536,0,0
D,DCONS,,1,"2024/03/15 19:45:00",1,QNTE_ROC,0,68.2,0,0
D,DCONS,,1,"2024/03/15 19:45:00",1,QN_1300_DYN_TEST,0,1300,0,0
D,DCONS,,1,"2024/03/15 19:45:00",1,QN_1300_TEST,0,1300,0,0
D,DCONS,,1,"2024/03/15 19:45:00",1,Q^CN_FDR-060,0,-111.91768,0,0
D,DCONS,,1,"2024/03/15 19:45:00",1,Q^CN_FDR-090,0,-81.91768,0,0
D,DCONS,,1,"2024/03/15 19:45:00",1,Q^CN_GT-090,0,-253.15688,0,0
D,DCONS,,1,"2024/03/15 19:45:00",1,Q^FNQ_8905_-130,0,-137.60688,0,0
D,DCONS,,1,"2024/03/15 19:45:00",1,Q^NIL_CN_FDR,0,-171.91758,0,0
D,DCONS,,1,"2024/03/15 19:45:00",1,Q^NIL_CN_GT,0,-343.15678,0,0
D,DCONS,,1,"2024/03/15 19:45:00",1,Q^NIL_FNQ_8905,0,-167.60688,0,0
D,DCONS,,1,"2024/03/15 19:45:00",1,Q^NIL_GC,0,-10975.63596,0,0
D,DCONS,,1,"2024/03/15 19:45:00",1,Q^^NIL_CS,0,3367.87072,0,0
D,DCONS,,1,"2024/03/15 19:45:00",1,Q^^NIL_TR_CLHA,0,5421.33435,0,0
D,DCONS,,1,"2024/03/15 19:45:00",1,Q^^NIL_TR_TRBK,0,6567.13662,0,0
D,DCONS,,1,"2024/03/15 19:45:00",1,Q^^N_NIL_SRAR,0,1169.14262,0,0
D,DCONS,,1,"2024/03/15 19:45:00",1,Q^^TR_CLHA_-050,0,5323.86777,0,0
D,DCONS,,1,"2024/03/15 19:45:00",1,Q^^TR_TRBK_-200,0,6173.89452,0,0
D,DCONS,,1,"2024/03/15 19:45:00",1,Q_KEP-HYB_38MW,0,38,0,0
D,DCONS,,1,"2024/03/15 19:45:00",1,Q_NIL_STRGTH_KEP,0,10000.001,0,0
D,DCONS,,1,"2024/03/15 19:45:00",1,Q_NIL_STRGTH_KEP_I,0,10018,0,0
D,DCONS,,1,"2024/03/15 19:45:00",1,S::V_NIL_TBSE_1,0,688.04088,0,0
D,DCONS,,1,"2024/03/15 19:45:00",1,S::V_NIL_TBSE_2-DS,0,10000,0,0
D,DCONS,,1,"2024/03/15 19:45:00",1,S:VS_580_OSC_AUTO_1,0,10000,0,0
D,DCONS,,1,"2024/03/15 19:45:00",1,S:VS_700_1,0,10000,0,0
D,DCONS,,1,"2024/03/15 19:45:00",1,S:VS_700_HY_TEST,0,700,0,0
D,DCONS,,1,"2024/03/15 19:45:00",1,S:VS_700_HY_TEST_DYN,0,700,0,0
D,DCONS,,1,"2024/03/15 19:45:00",1,S:VS_700_OSC_AUTO,0,10700,0,0
D,DCONS,,1,"2024/03/15 19:45:00",1,S:VS_800,0,800,0,0
D,DCONS,,1,"2024/03/15 19:45:00",1,S:V_460_OSC_AUTO_1,0,10000,0,0
D,DCONS,,1,"2024/03/15 19:45:00",1,S:V_550_1,0,10000,0,0
D,DCONS,,1,"2024/03/15 19:45:00",1,S:V_550_HY_TEST,0,550,0,0
D,DCONS,,1,"2024/03/15 19:45:00",1,S:V_550_HY_TEST_DYN,0,550,0,0
D,DCONS,,1,"2024/03/15 19:45:00",1,S:V_550_OSC_AUTO,0,10550,0,0
D,DCONS,,1,"2024/03/15 19:45:00",1,S:V_650,0,650,0,0
D,DCONS,,1,"2024/03/15 19:45:00",1,S>>MNWT_BRTW_HUWT,0,236.68535,0,0
D,DCONS,,1,"2024/03/15 19:45:00",1,S>>MNWT_BRTW_WTTP,0,661.57513,0,0
D,DCONS,,1,"2024/03/15 19:45:00",1,S>>MNWT_BRTX_HUWT,0,228.8403,0,0
D,DCONS,,1,"2024/03/15 19:45:00",1,S>>MNWT_BWMP_BRTW,0,1034.99474,0,0
D,DCONS,,1,"2024/03/15 19:45:00",1,S>>MNWT_BWMP_HUWT,0,234.51638,0,0
D,DCONS,,1,"2024/03/15 19:45:00",1,S>>MNWT_BWMP_TWPA,0,1090.11336,0,0
D,DCONS,,1,"2024/03/15 19:45:00",1,S>>MNWT_BWMP_WTTP,0,655.65557,0,0
D,DCONS,,1,"2024/03/15 19:45:00",1,S>>MNWT_CBRB_WEMWP4,0,288.97453,0,0
D,DCONS,,1,"2024/03/15 19:45:00",1,S>>MNWT_NIL_WEMWP4,0,346.71784,0,0
D,DCONS,,1,"2024/03/15 19:45:00",1,S>>MNWT_NIL_WTTP,0,468.32999,0,0
D,DCONS,,1,"2024/03/15 19:45:00",1,S>>MNWT_RBTU_WTTP,0,476.39447,0,0
D,DCONS,,1,"2024/03/15 19:45:00",1,S>>MNWT_WTTP_WEMWP4,0,234.39787,0,0
D,DCONS,,1,"2024/03/15 19:45:00",1,S>>NIL_BGBW_BRTW,0,1401.09072,0,0
D,DCONS,,1,"2024/03/15 19:45:00",1,S>>NIL_BRTW_MW4RB,0,314.43653,0,0
D,DCONS,,1,"2024/03/15 19:45:00",1,S>>NIL_BRTW_WTTP,0,593.52309,0,0
D,DCONS,,1,"2024/03/15 19:45:00",1,S>>NIL_BRTX_MW4RB,0,294.40978,0,0
D,DCONS,,1,"2024/03/15 19:45:00",1,S>>NIL_BRTX_WTTP,0,520.69461,0,0
D,DCONS,,1,"2024/03/15 19:45:00",1,S>>NIL_BWMP_BRTW,0,1403.60796,0,0
D,DCONS,,1,"2024/03/15 19:45:00",1,S>>NIL_BWMP_MW4RB,0,316.61758,0,0
D,DCONS,,1,"2024/03/15 19:45:00",1,S>>NIL_BWMP_RBTU,0,1290.19844,0,0
D,DCONS,,1,"2024/03/15 19:45:00",1,S>>NIL_BWMP_TPRS,0,519.493,0,0
D,DCONS,,1,"2024/03/15 19:45:00",1,S>>NIL_BWMP_TWPA,0,1259.30441,0,0
D,DCONS,,1,"2024/03/15 19:45:00",1,S>>NIL_BWMP_WTTP,0,618.17832,0,0
D,DCONS,,1,"2024/03/15 19:45:00",1,S>>NIL_CNRB_MW4RB,0,303.69225,0,0
D,DCONS,,1,"2024/03/15 19:45:00",1,S>>NIL_HUBG-T_WEWT,0,10000,0,0
D,DCONS,,1,"2024/03/15 19:45:00",1,S>>NIL_HUBG-T_WEWT2,0,10000,0,0
D,DCONS,,1,"2024/03/15 19:45:00",1,S>>NIL_HUBG-T_WEWT3,0,337.56215,0,0
D,DCONS,,1,"2024/03/15 19:45:00",1,S>>NIL_LKDV_WEWT,0,289.62061,0,0
D,DCONS,,1,"2024/03/15 19:45:00",1,S>>NIL_MKRB_MW4RB,0,302.36229,0,0
D,DCONS,,1,"2024/03/15 19:45:00",1,S>>NIL_RBNW1_MWP1NWB,0,10000,0,0
D,DCONS,,1,"2024/03/15 19:45:00",1,S>>NIL_RBNW1_RBMWP3,0,10000,0,0
D,DCONS,,1,"2024/03/15 19:45:00",1,S>>NIL_RBTU_BRTW,0,1554.70011,0,0
D,DCONS,,1,"2024/03/15 19:45:00",1,S>>NIL_RBTU_RBTU,0,1051.0684,0,0
D,DCONS,,1,"2024/03/15 19:45:00",1,S>>NIL_RBTU_TWPA,0,1217.82186,0,0
D,DCONS,,1,"2024/03/15 19:45:00",1,S>>NIL_RBTU_WEWT,0,323.41905,0,0
D,DCONS,,1,"2024/03/15 19:45:00",1,S>>NIL_RBTU_WTTP,0,588.63856,0,0
D,DCONS,,1,"2024/03/15 19:45:00",1,S>>NIL_RBTX1_WTWE,0,298.11208,0,0
D,DCONS,,1,"2024/03/15 19:45:00",1,S>>NIL_RBTX_RBTX_1,0,197.19169,0,0
D,DCONS,,1,"2024/03/15 19:45:00",1,S>>NIL_RBTX_RBTX_2,0,342.85936,0,0
D,DCONS,,1,"2024/03/15 19:45:00",1,S>>NIL_SETB_SETB_1,0,821.65272,0,0
D,DCONS,,1,"2024/03/15 19:45:00",1,S>>NIL_TBSE_PWSE_1,0,10000,0,0
D,DCONS,,1,"2024/03/15 19:45:00",1,S>>NIL_TBSE_TBSE_1,0,677.15777,0,0
D,DCONS,,1,"2024/03/15 19:45:00",1,S>>NIL_TBTU_TBMO_1,0,479.62,0,0
D,DCONS,,1,"2024/03/15 19:45:00",1,S>>NIL_TBTU_TBTU_1,0,677.92427,0,0
D,DCONS,,1,"2024/03/15 19:45:00",1,S>>NIL_TUTB_MOTB_1,0,410.39212,0,0
D,DCONS,,1,"2024/03/15 19:45:00",1,S>>NIL_TUTB_TUTB_1,0,412.50774,0,0
D,DCONS,,1,"2024/03/15 19:45:00",1,S>>NIL_TWPA_BWMP,0,851.51054,0,0
D,DCONS,,1,"2024/03/15 19:45:00",1,S>>NIL_TWPA_MW4RB,0,313.7455,0,0
D,DCONS,,1,"2024/03/15 19:45:00",1,S>>NIL_TWPA_TPRS,0,429.3111,0,0
D,DCONS,,1,"2024/03/15 19:45:00",1,S>>RBTU_BLDV_WEWT,0,326.84343,0,0
D,DCONS,,1,"2024/03/15 19:45:00",1,S>>RBTU_BLDV_WTTP,0,622.06185,0,0
D,DCONS,,1,"2024/03/15 19:45:00",1,S>>RBTU_BWMP_RBTU,0,1031.29264,0,0
D,DCONS,,1,"2024/03/15 19:45:00",1,S>>RBTU_BWMP_TWPA,0,1293.20002,0,0
D,DCONS,,1,"2024/03/15 19:45:00",1,S>>RBTU_BWMP_WEWT,0,339.39532,0,0
D,DCONS,,1,"2024/03/15 19:45:00",1,S>>RBTU_BWMP_WTTP,0,637.0011,0,0
D,DCONS,,1,"2024/03/15 19:45:00",1,S>>RBTU_CNRB_WEMWP4,0,294.67156,0,0
D,DCONS,,1,"2024/03/15 19:45:00",1,S>>RBTU_LKDV_WEWT,0,318.19392,0,0
D,DCONS,,1,"2024/03/15 19:45:00",1,S>>RBTU_LKDV_WTTP,0,617.26833,0,0
D,DCONS,,1,"2024/03/15 19:45:00",1,S>>RBTU_RBTU_BRTW,0,1411.4244,0,0
D,DCONS,,1,"2024/03/15 19:45:00",1,S>>RBTU_RBTU_BWMP,0,876.49121,0,0
D,DCONS,,1,"2024/03/15 19:45:00",1,S>>RBTU_RBTU_TWPA,0,1264.69075,0,0
D,DCONS,,1,"2024/03/15 19:45:00",1,S>>RBTU_RBTU_WEWT,0,365.07073,0,0
D,DCONS,,1,"2024/03/15 19:45:00",1,S>>RBTU_RBTU_WTTP,0,600.53449,0,0
D,DCONS,,1,"2024/03/15 19:45:00",1,S>>RBTU_TWPA_TPRS,0,455.01311,0,0
D,DCONS,,1,"2024/03/15 19:45:00",1,S>>RBTU_WTTP_STBG-T,0,168.81987,0,0
D,DCONS,,1,"2024/03/15 19:45:00",1,S>>RBTU_WTTP_WEMWP4,0,264.94205,0,0
D,DCONS,,1,"2024/03/15 19:45:00",1,S>>V_NIL_DVBG_STBG,0,169.5029,0,0
D,DCONS,,1,"2024/03/15 19:45:00",1,S>>V_NIL_NIL_HUWT,0,238.14662,0,0
D,DCONS,,1,"2024/03/15 19:45:00",1,S>>V_NIL_NIL_MNWT,0,257.40353,0,0
D,DCONS,,1,"2024/03/15 19:45:00",1,S>>V_NIL_NIL_MW1NWB,0,310.20752,0,0
D,DCONS,,1,"2024/03/15 19:45:00",1,S>>V_NIL_NIL_RBMW3,0,166.27941,0,0
D,DCONS,,1,"2024/03/15 19:45:00",1,S>>V_NIL_NIL_RBNW1,0,235.58156,0,0
D,DCONS,,1,"2024/03/15 19:45:00",1,S>>V_NIL_RBTX_MW4RB,0,330.17356,0,0
D,DCONS,,1,"2024/03/15 19:45:00",1,S>>V_NIL_WTTP_MW4RB,0,265.04455,0,0
D,DCONS,,1,"2024/03/15 19:45:00",1,S>>X_RBTU+MNWT_01,0,692.88877,0,0
D,DCONS,,1,"2024/03/15 19:45:00",1,S>>X_RBTU+MNWT_02,0,677.77083,0,0
D,DCONS,,1,"2024/03/15 19:45:00",1,S>>X_RBTU+MNWT_03,0,670.48731,0,0
D,DCONS,,1,"2024/03/15 19:45:00",1,S>>X_RBTU+MNWT_04,0,454.98953,0,0
D,DCONS,,1,"2024/03/15 19:45:00",1,S>>X_RBTU+MNWT_05,0,669.88568,0,0
D,DCONS,,1,"2024/03/15 19:45:00",1,S>>X_RBTU+MNWT_06,0,641.28204,0,0
D,DCONS,,1,"2024/03/15 19:45:00",1,S>>X_RBTU+MNWT_07,0,479.19144,0,0
D,DCONS,,1,"2024/03/15 19:45:00",1,S>>X_RBTU+MNWT_08,0,643.12148,0,0
D,DCONS,,1,"2024/03/15 19:45:00",1,S>>X_RBTU+MNWT_09,0,484.18011,0,0
D,DCONS,,1,"2024/03/15 19:45:00",1,S>MNWT_BWMP_MKRB,0,820.19226,0,0
D,DCONS,,1,"2024/03/15 19:45:00",1,S>MNWT_WEMWP4_WTTP,0,332.94883,0,0
D,DCONS,,1,"2024/03/15 19:45:00",1,S>NIL_BRTW_MNWT,0,280.07836,0,0
D,DCONS,,1,"2024/03/15 19:45:00",1,S>NIL_BWMP_CNRB,0,1016.43281,0,0
D,DCONS,,1,"2024/03/15 19:45:00",1,S>NIL_BWMP_HUWT,0,236.84057,0,0
D,DCONS,,1,"2024/03/15 19:45:00",1,S>NIL_BWMP_RHBR-T,0,266.54785,0,0
D,DCONS,,1,"2024/03/15 19:45:00",1,S>NIL_DVBG_BRTW,0,1760.80244,0,0
D,DCONS,,1,"2024/03/15 19:45:00",1,S>NIL_DVTX_DVTX,0,10185.50271,0,0
D,DCONS,,1,"2024/03/15 19:45:00",1,S>NIL_HUWT_STBG,0,10000,0,0
D,DCONS,,1,"2024/03/15 19:45:00",1,S>NIL_HUWT_STBG2,0,10000,0,0
D,DCONS,,1,"2024/03/15 19:45:00",1,S>NIL_HUWT_STBG3,0,130.8438,0,0
D,DCONS,,1,"2024/03/15 19:45:00",1,S>NIL_LKDV_CNRB,0,592.20351,0,0
D,DCONS,,1,"2024/03/15 19:45:00",1,S>NIL_MHNW1_MHNW2,0,162.37234,0,0
D,DCONS,,1,"2024/03/15 19:45:00",1,S>NIL_NIL_DLAW,0,107.53576,0,0
D,DCONS,,1,"2024/03/15 19:45:00",1,S>NIL_NIL_MHNW2,0,304.91423,0,0
D,DCONS,,1,"2024/03/15 19:45:00",1,S>NIL_NIL_MYSG-T,0,279.60718,0,0
D,DCONS,,1,"2024/03/15 19:45:00",1,S>NIL_NIL_NWMH2,0,243.15963,0,0
D,DCONS,,1,"2024/03/15 19:45:00",1,S>NIL_NIL_SETX12,0,252.22591,0,0
D,DCONS,,1,"2024/03/15 19:45:00",1,S>NIL_NIL_SGBN,0,310.90017,0,0
D,DCONS,,1,"2024/03/15 19:45:00",1,S>NIL_NIL_SGMYSE-T2,0,393.59683,0,0
D,DCONS,,1,"2024/03/15 19:45:00",1,S>NIL_NWMH1_NWMH2,0,10000,0,0
D,DCONS,,1,"2024/03/15 19:45:00",1,S>NIL_NWRB1_MWP3RB,0,222.67422,0,0
D,DCONS,,1,"2024/03/15 19:45:00",1,S>NIL_NWRB2_NWRB1,0,176.23986,0,0
D,DCONS,,1,"2024/03/15 19:45:00",1,S>NIL_RBMWP3_RBNW1,0,10000,0,0
D,DCONS,,1,"2024/03/15 19:45:00",1,S>NIL_SGBN_SGSE-T,0,265.9813,0,0
D,DCONS,,1,"2024/03/15 19:45:00",1,S>NIL_SGBN_SGSE-T2,0,10000,0,0
D,DCONS,,1,"2024/03/15 19:45:00",1,S>NIL_TINO3_TINO4,0,253.95542,0,0
D,DCONS,,1,"2024/03/15 19:45:00",1,S>NIL_WEMW4_WTTP,0,373.32648,0,0
D,DCONS,,1,"2024/03/15 19:45:00",1,S>SETX_NIL_SETX,0,247.9395,-1099.97857,0
D,DCONS,,1,"2024/03/15 19:45:00",1,S>SETX_PWKN_SETX,0,246.40495,0,0
D,DCONS,,1,"2024/03/15 19:45:00",1,S>SETX_PWKN_SETX1,0,10000,0,0
D,DCONS,,1,"2024/03/15 19:45:00",1,S>SETX_SEPW_SETX,0,240.14955,0,0
D,DCONS,,1,"2024/03/15 19:45:00",1,S>SETX_SEPW_SETX1,0,10000,0,0
D,DCONS,,1,"2024/03/15 19:45:00",1,S>V_NIL_SEHY,0,704.34627,0,0
D,DCONS,,1,"2024/03/15 19:45:00",1,S>V_NIL_SETX_SETX,0,303.278,0,0
D,DCONS,,1,"2024/03/15 19:45:00",1,S>V_NIL_SETX_SETX1,0,10000,0,0
D,DCONS,,1,"2024/03/15 19:45:00",1,SVML^NIL_MH-CAP_ON,0,145.07451,0,0
D,DCONS,,1,"2024/03/15 19:45:00",1,SVML_233,0,233,0,0
D,DCONS,,1,"2024/03/15 19:45:00",1,SVML_ROC_80,0,-1,0,0
D,DCONS,,1,"2024/03/15 19:45:00",1,S^NIL_SA_NORTH,0,1872,0,0
D,DCONS,,1,"2024/03/15 19:45:00",1,S^SETX_GEN_CAP2,0,280,0,0
D,DCONS,,1,"2024/03/15 19:45:00",1,S_LB2WF_CONF,0,198,0,0
D,DCONS,,1,"2024/03/15 19:45:00",1,S_NIL_STRENGTH_1,0,2500,0,0
D,DCONS,,1,"2024/03/15 19:45:00",1,S_OUT_STRENGTH_2000,0,2000,0,0
D,DCONS,,1,"2024/03/15 19:45:00",1,S_V_NIL_ROCOF,0,1034.57117,0,0
D,DCONS,,1,"2024/03/15 19:45:00",1,T::T_NIL_1,0,10236.03348,0,0
D,DCONS,,1,"2024/03/15 19:45:00",1,T::T_NIL_3,0,10492.01139,0,0
D,DCONS,,1,"2024/03/15 19:45:00",1,T>>T_NIL_BL_EXP_3F,0,21190.03745,0,0
D,DCONS,,1,"2024/03/15 19:45:00",1,T>>T_NIL_BL_EXP_3G,0,21353.61513,0,0
D,DCONS,,1,"2024/03/15 19:45:00",1,T>>T_NIL_BL_EXP_3H,0,21690.84545,0,0
D,DCONS,,1,"2024/03/15 19:45:00",1,T>>T_NIL_BL_EXP_4E,0,20438.67485,0,0
D,DCONS,,1,"2024/03/15 19:45:00",1,T>>T_NIL_BL_EXP_4F,0,20363.74919,0,0
D,DCONS,,1,"2024/03/15 19:45:00",1,T>>T_NIL_BL_EXP_5F,0,21218.40206,0,0
D,DCONS,,1,"2024/03/15 19:45:00",1,T>>T_NIL_BL_EXP_5G,0,21449.85051,0,0
D,DCONS,,1,"2024/03/15 19:45:00",1,T>>T_NIL_BL_EXP_5H,0,21694.74026,0,0
D,DCONS,,1,"2024/03/15 19:45:00",1,T>>T_NIL_BL_EXP_6E,0,21152.13519,0,0
D,DCONS,,1,"2024/03/15 19:45:00",1,T>>T_NIL_BL_EXP_6F,0,21221.00067,0,0
D,DCONS,,1,"2024/03/15 19:45:00",1,T>>T_NIL_BL_EXP_7C,0,20545.12392,0,0
D,DCONS,,1,"2024/03/15 19:45:00",1,T>T_NIL_110_4,0,278.29764,0,0
D,DCONS,,1,"2024/03/15 19:45:00",1,T>T_NIL_110_5,0,382.33117,0,0
D,DCONS,,1,"2024/03/15 19:45:00",1,T>T_NIL_BL_110_2,0,152.57007,0,0
D,DCONS,,1,"2024/03/15 19:45:00",1,T>T_NIL_BL_110_3,0,268.27008,0,0
D,DCONS,,1,"2024/03/15 19:45:00",1,T>T_NIL_BL_110_4,0,289.11874,0,0
D,DCONS,,1,"2024/03/15 19:45:00",1,T>T_NIL_BL_110_5,0,267.76962,0,0
D,DCONS,,1,"2024/03/15 19:45:00",1,T>T_NIL_BL_110_8_1,0,355.58886,0,0
D,DCONS,,1,"2024/03/15 19:45:00",1,T>T_NIL_BL_110_9,0,550.4366,0,0
D,DCONS,,1,"2024/03/15 19:45:00",1,T>T_NIL_BL_220_6B,0,1037.32926,0,0
D,DCONS,,1,"2024/03/15 19:45:00",1,T>T_NIL_BL_220_6C,0,1621.59929,0,0
D,DCONS,,1,"2024/03/15 19:45:00",1,T>T_NIL_BL_220_6D,0,1527.54907,0,0
D,DCONS,,1,"2024/03/15 19:45:00",1,T>T_NIL_BL_3A,0,1667.96226,0,0
D,DCONS,,1,"2024/03/15 19:45:00",1,T>T_NIL_BL_3B,0,1667.58394,0,0
D,DCONS,,1,"2024/03/15 19:45:00",1,T>T_NIL_BL_3C,0,11237.09771,0,0
D,DCONS,,1,"2024/03/15 19:45:00",1,T>T_NIL_BL_3D,0,11401.20945,0,0
D,DCONS,,1,"2024/03/15 19:45:00",1,T>T_NIL_BL_3E,0,11738.02773,0,0
D,DCONS,,1,"2024/03/15 19:45:00",1,T>T_NIL_BL_4A,0,646.27058,0,0
D,DCONS,,1,"2024/03/15 19:45:00",1,T>T_NIL_BL_4B,0,645.92573,0,0
D,DCONS,,1,"2024/03/15 19:45:00",1,T>T_NIL_BL_4C,0,10829.53335,0,0
D,DCONS,,1,"2024/03/15 19:45:00",1,T>T_NIL_BL_4D,0,10764.61731,0,0
D,DCONS,,1,"2024/03/15 19:45:00",1,T>T_NIL_BL_5A,0,1646.47374,0,0
D,DCONS,,1,"2024/03/15 19:45:00",1,T>T_NIL_BL_5B,0,1647.13879,0,0
D,DCONS,,1,"2024/03/15 19:45:00",1,T>T_NIL_BL_5C,0,11263.89686,0,0
D,DCONS,,1,"2024/03/15 19:45:00",1,T>T_NIL_BL_5D,0,11499.86051,0,0
D,DCONS,,1,"2024/03/15 19:45:00",1,T>T_NIL_BL_5E,0,11741.15888,0,0
D,DCONS,,1,"2024/03/15 19:45:00",1,T>T_NIL_BL_6A,0,1613.66721,0,0
D,DCONS,,1,"2024/03/15 19:45:00",1,T>T_NIL_BL_6B,0,1614.2213,0,0
D,DCONS,,1,"2024/03/15 19:45:00",1,T>T_NIL_BL_6C,0,11202.14765,0,0
D,DCONS,,1,"2024/03/15 19:45:00",1,T>T_NIL_BL_6D,0,11271.01067,0,0
D,DCONS,,1,"2024/03/15 19:45:00",1,T>T_NIL_BL_IMP_2B,0,839.52774,0,0
D,DCONS,,1,"2024/03/15 19:45:00",1,T>T_NIL_BL_IMP_3F,0,1261.11835,0,0
D,DCONS,,1,"2024/03/15 19:45:00",1,T>T_NIL_BL_IMP_3FF,0,1260.59805,0,0
D,DCONS,,1,"2024/03/15 19:45:00",1,T>T_NIL_BL_IMP_3G,0,1433.95857,0,0
D,DCONS,,1,"2024/03/15 19:45:00",1,T>T_NIL_BL_IMP_3H,0,1785.57121,0,0
D,DCONS,,1,"2024/03/15 19:45:00",1,T>T_NIL_BL_IMP_4E,0,507.96872,0,0
D,DCONS,,1,"2024/03/15 19:45:00",1,T>T_NIL_BL_IMP_4EE,0,507.93203,0,0
D,DCONS,,1,"2024/03/15 19:45:00",1,T>T_NIL_BL_IMP_4F,0,426.68176,0,0
D,DCONS,,1,"2024/03/15 19:45:00",1,T>T_NIL_BL_IMP_5F,0,1285.37479,0,0
D,DCONS,,1,"2024/03/15 19:45:00",1,T>T_NIL_BL_IMP_5FF,0,1285.24006,0,0
D,DCONS,,1,"2024/03/15 19:45:00",1,T>T_NIL_BL_IMP_5G,0,1543.47475,0,0
D,DCONS,,1,"2024/03/15 19:45:00",1,T>T_NIL_BL_IMP_5H,0,1778.68202,0,0
D,DCONS,,1,"2024/03/15 19:45:00",1,T>T_NIL_BL_IMP_6E,0,1238.56042,0,0
D,DCONS,,1,"2024/03/15 19:45:00",1,T>T_NIL_BL_IMP_6EE,0,1238.39574,0,0
D,DCONS,,1,"2024/03/15 19:45:00",1,T>T_NIL_BL_IMP_6F,0,1301.54562,0,0
D,DCONS,,1,"2024/03/15 19:45:00",1,T>T_NIL_BL_IMP_7C,0,616.97116,0,0
D,DCONS,,1,"2024/03/15 19:45:00",1,T>T_NIL_BL_IMP_7CC,0,617.67021,0,0
D,DCONS,,1,"2024/03/15 19:45:00",1,T>T_NIL_BL_IMP_8B,0,952.85964,0,0
D,DCONS,,1,"2024/03/15 19:45:00",1,T>T_NIL_BL_IMP_8C,0,172.51607,0,0
D,DCONS,,1,"2024/03/15 19:45:00",1,T>T_NIL_NCSPS5_3F,0,11262.03871,0,0
D,DCONS,,1,"2024/03/15 19:45:00",1,T>T_NIL_NCSPS5_3FF,0,11262.08561,0,0
D,DCONS,,1,"2024/03/15 19:45:00",1,T>T_NIL_NCSPS5_3G,0,11435.13211,0,0
D,DCONS,,1,"2024/03/15 19:45:00",1,T>T_NIL_NCSPS5_3H,0,11787.06476,0,0
D,DCONS,,1,"2024/03/15 19:45:00",1,T>T_NIL_NCSPS5_7C,0,10672.00661,0,0
D,DCONS,,1,"2024/03/15 19:45:00",1,T>T_NIL_TOV_5F,0,11398.83718,0,0
D,DCONS,,1,"2024/03/15 19:45:00",1,T>T_NIL_TOV_5FF,0,11399.02128,0,0
D,DCONS,,1,"2024/03/15 19:45:00",1,TVBL_ROC,0,-231.60001,0,0
D,DCONS,,1,"2024/03/15 19:45:00",1,T^T_NIL_BL_1,0,11502.01024,0,0
D,DCONS,,1,"2024/03/15 19:45:00",1,T^T_NIL_BL_2,0,12447.67437,0,0
D,DCONS,,1,"2024/03/15 19:45:00",1,T^T_NIL_BL_4,0,1841.55227,0,0
D,DCONS,,1,"2024/03/15 19:45:00",1,T^T_NIL_BL_5,0,827.18211,0,0
D,DCONS,,1,"2024/03/15 19:45:00",1,T^T_NIL_BL_6,0,171.59989,0,0
D,DCONS,,1,"2024/03/15 19:45:00",1,T^T_NIL_BL_7,0,1049.45966,0,0
D,DCONS,,1,"2024/03/15 19:45:00",1,T^V_NIL_10,0,628.91616,0,0
D,DCONS,,1,"2024/03/15 19:45:00",1,T^V_NIL_11,0,449.90036,0,0
D,DCONS,,1,"2024/03/15 19:45:00",1,T^V_NIL_8,0,285.46093,0,0
D,DCONS,,1,"2024/03/15 19:45:00",1,T^V_NIL_9,0,350,0,0
D,DCONS,,1,"2024/03/15 19:45:00",1,T^V_NIL_BL_6,0,458.17926,0,0
D,DCONS,,1,"2024/03/15 19:45:00",1,T_BLINK_TV_BID,0,10000.0001,0,0
D,DCONS,,1,"2024/03/15 19:45:00",1,T_BLINK_TV_NGZ,0,-10000,0,0
D,DCONS,,1,"2024/03/15 19:45:00",1,T_BLINK_VT_BID,0,10000.0001,0,0
D,DCONS,,1,"2024/03/15 19:45:00",1,T_BLINK_VT_NGZ,0,0,0,0
D,DCONS,,1,"2024/03/15 19:45:00",1,T_ROCOF_1,0,10605.3213,0,0
D,DCONS,,1,"2024/03/15 19:45:00",1,T_ROCOF_2,0,680.00605,0,0
D,DCONS,,1,"2024/03/15 19:45:00",1,T_ROCOF_3,0,1050.55886,0,0
D,DCONS,,1,"2024/03/15 19:45:00",1,T_V_FCSPS_DS,0,10144,0,0
D,DCONS,,1,"2024/03/15 19:45:00",1,T_V_NIL_BL1,0,10125,0,0
D,DCONS,,1,"2024/03/15 19:45:00",1,T_V_NIL_FCSPS,0,400.76911,0,0
D,DCONS,,1,"2024/03/15 19:45:00",1,V::N_NIL_O1,0,10209.9124,0,0
D,DCONS,,1,"2024/03/15 19:45:00",1,V::N_NIL_O2,0,209.9124,0,0
D,DCONS,,1,"2024/03/15 19:45:00",1,V::N_NIL_V1,0,10066.12788,0,0
D,DCONS,,1,"2024/03/15 19:45:00",1,V::N_NIL_V2,0,66.12788,0,0
D,DCONS,,1,"2024/03/15 19:45:00",1,V::S_NIL_MAXG_1,0,883.43296,0,0
D,DCONS,,1,"2024/03/15 19:45:00",1,V::S_NIL_MAXG_2,0,10000,0,0
D,DCONS,,1,"2024/03/15 19:45:00",1,V::S_NIL_MAXG_3,0,10000,0,0
D,DCONS,,1,"2024/03/15 19:45:00",1,V::S_NIL_TBSE_1,0,875.96357,0,0
D,DCONS,,1,"2024/03/15 19:45:00",1,V::S_NIL_TBSE_2,0,10000,0,0
D,DCONS,,1,"2024/03/15 19:45:00",1,V::S_RBTU_MAXG,0,836.55257,0,0
D,DCONS,,1,"2024/03/15 19:45:00",1,V::S_RBTU_MAXG_2-DS,0,10000,0,0
D,DCONS,,1,"2024/03/15 19:45:00",1,V::S_RBTU_SETB,0,811.02672,0,0
D,DCONS,,1,"2024/03/15 19:45:00",1,V::S_RBTU_SETB_2-DS,0,10000,0,0
D,DCONS,,1,"2024/03/15 19:45:00",1,V::V_1900,0,1900.1,0,0
D,DCONS,,1,"2024/03/15 19:45:00",1,V:SS_680_OSC_AUTO,0,10000,0,0
D,DCONS,,1,"2024/03/15 19:45:00",1,V:SS_790_1,0,10000,0,0
D,DCONS,,1,"2024/03/15 19:45:00",1,V:SS_790_OSC_AUTO,0,10790,0,0
D,DCONS,,1,"2024/03/15 19:45:00",1,V:SS_820_HY_TEST,0,820,0,0
D,DCONS,,1,"2024/03/15 19:45:00",1,V:SS_820_HY_TEST_DYN,0,820,0,0
D,DCONS,,1,"2024/03/15 19:45:00",1,V:SS_920,0,920,0,0
D,DCONS,,1,"2024/03/15 19:45:00",1,V:S_460_OSC_AUTO,0,10000,0,0
D,DCONS,,1,"2024/03/15 19:45:00",1,V:S_570_1,0,10000,0,0
D,DCONS,,1,"2024/03/15 19:45:00",1,V:S_570_OSC_AUTO,0,10570,0,0
D,DCONS,,1,"2024/03/15 19:45:00",1,V:S_600_HY_TEST,0,600,0,0
D,DCONS,,1,"2024/03/15 19:45:00",1,V:S_600_HY_TEST_DYN,0,600,0,0
D,DCONS,,1,"2024/03/15 19:45:00",1,V:S_700,0,700,0,0
D,DCONS,,1,"2024/03/15 19:45:00",1,V:T_NIL_BL_1,0,736.76425,0,0
D,DCONS,,1,"2024/03/15 19:45:00",1,V>>KM_BABE_KMRC,0,10510.18522,0,0
D,DCONS,,1,"2024/03/15 19:45:00",1,V>>KM_BABE_KMRC_1,0,20510.18522,0,0
D,DCONS,,1,"2024/03/15 19:45:00",1,V>>NIL_ARTSTL_ARCW,0,10081.75742,0,0
D,DCONS,,1,"2024/03/15 19:45:00",1,V>>NIL_ARWB_KGBE,0,1062.1636,0,0
D,DCONS,,1,"2024/03/15 19:45:00",1,V>>NIL_ARWB_RCWEKG,0,1055.64725,0,0
D,DCONS,,1,"2024/03/15 19:45:00",1,V>>NIL_BABE_HOMRKM,0,502.58862,0,0
D,DCONS,,1,"2024/03/15 19:45:00",1,V>>NIL_BABE_KMRC,0,510.18522,0,0
D,DCONS,,1,"2024/03/15 19:45:00",1,V>>NIL_BABE_KMRC_1,0,10510.18522,0,0
D,DCONS,,1,"2024/03/15 19:45:00",1,V>>NIL_BABE_SHBE,0,371.22984,0,0
D,DCONS,,1,"2024/03/15 19:45:00",1,V>>NIL_BABE_SHBE_5M,0,371.22984,0,0
D,DCONS,,1,"2024/03/15 19:45:00",1,V>>NIL_BANBGR_ARCW,0,10165.94577,0,0
D,DCONS,,1,"2024/03/15 19:45:00",1,V>>NIL_BEKG_HOMRKM,0,495.97094,0,0
D,DCONS,,1,"2024/03/15 19:45:00",1,V>>NIL_BGRART_ARCW,0,10106.98503,0,0
D,DCONS,,1,"2024/03/15 19:45:00",1,V>>NIL_DDSM_DDSM,0,12323.07961,0,0
D,DCONS,,1,"2024/03/15 19:45:00",1,V>>NIL_DDSM_DDSM_SIP,0,2323.07961,0,0
D,DCONS,,1,"2024/03/15 19:45:00",1,V>>NIL_DDTX1_NIL,0,1209.25557,0,0
D,DCONS,,1,"2024/03/15 19:45:00",1,V>>NIL_DDTX2_NIL,0,1103.42187,0,0
D,DCONS,,1,"2024/03/15 19:45:00",1,V>>NIL_DDTX3_NIL,0,727.83875,0,0
D,DCONS,,1,"2024/03/15 19:45:00",1,V>>NIL_ELML_BAML2,0,1247.51513,0,0
D,DCONS,,1,"2024/03/15 19:45:00",1,V>>NIL_EPTT_DDSM_SIP,0,1113.51916,0,0
D,DCONS,,1,"2024/03/15 19:45:00",1,V>>NIL_KGWE_HOMRKM,0,589.77648,0,0
D,DCONS,,1,"2024/03/15 19:45:00",1,V>>NIL_MBDD_MBDD,0,699.66214,0,0
D,DCONS,,1,"2024/03/15 19:45:00",1,V>>NIL_MLGT_MLGT_R2,0,12398.19777,0,0
D,DCONS,,1,"2024/03/15 19:45:00",1,V>>NIL_MLGT_MLGT_R5,0,2431.2694,0,0
D,DCONS,,1,"2024/03/15 19:45:00",1,V>>NIL_MLSY_MLSY,0,4263.13646,0,0
D,DCONS,,1,"2024/03/15 19:45:00",1,V>>NIL_MOML_HGML,0,2428.8,0,0
D,DCONS,,1,"2024/03/15 19:45:00",1,V>>NIL_MSDD1_MSDD2,0,12011.1135,0,0
D,DCONS,,1,"2024/03/15 19:45:00",1,V>>NIL_MSDD1_MSDD2_S,0,2011.1135,0,0
D,DCONS,,1,"2024/03/15 19:45:00",1,V>>NIL_MSDD2_MSDD1,0,12010.49997,0,0
D,DCONS,,1,"2024/03/15 19:45:00",1,V>>NIL_MSDD2_MSDD1_S,0,2010.49997,0,0
D,DCONS,,1,"2024/03/15 19:45:00",1,V>>NIL_RCWE_HOBUCW,0,812.84322,0,0
D,DCONS,,1,"2024/03/15 19:45:00",1,V>>NIL_RCWE_HOMRKM,0,762.51114,0,0
D,DCONS,,1,"2024/03/15 19:45:00",1,V>>NIL_SMDD_SMDD,0,1551.29064,0,0
D,DCONS,,1,"2024/03/15 19:45:00",1,V>>NIL_SMTX_SMTX_R2,0,15292.43391,0,0
D,DCONS,,1,"2024/03/15 19:45:00",1,V>>NIL_SMTX_SMTX_R5,0,5448.11735,0,0
D,DCONS,,1,"2024/03/15 19:45:00",1,V>>NIL_WBBA_KGBE,0,813.39379,0,0
D,DCONS,,1,"2024/03/15 19:45:00",1,V>>NIL_WBBA_RCBSS,0,740.19563,0,0
D,DCONS,,1,"2024/03/15 19:45:00",1,V>>NIL_WBBA_RCWEKG,0,808.47853,0,0
D,DCONS,,1,"2024/03/15 19:45:00",1,V>>NIL_WEKG_HOBUCW,0,842.77645,0,0
D,DCONS,,1,"2024/03/15 19:45:00",1,V>>NIL_WEKG_HOMRKM,0,803.37787,0,0
D,DCONS,,1,"2024/03/15 19:45:00",1,V>>NIL_WERC_HOMRKM,0,706.53567,0,0
D,DCONS,,1,"2024/03/15 19:45:00",1,V>>NSWRB_BEKG_X3,0,492.71051,0,0
D,DCONS,,1,"2024/03/15 19:45:00",1,V>>NSWRB_BEKG_X5,0,492.10735,0,0
D,DCONS,,1,"2024/03/15 19:45:00",1,V>>NSWRB_KGWE_X3,0,608.43392,0,0
D,DCONS,,1,"2024/03/15 19:45:00",1,V>>NSWRB_KGWE_X5,0,607.644,0,0
D,DCONS,,1,"2024/03/15 19:45:00",1,V>>NSWRB_WERC_X3,0,747.0279,0,0
D,DCONS,,1,"2024/03/15 19:45:00",1,V>>NSWRB_WERC_X5,0,733.246,0,0
D,DCONS,,1,"2024/03/15 19:45:00",1,V>>N_NIL_65,0,1432.10361,0,0
D,DCONS,,1,"2024/03/15 19:45:00",1,V>>N_NIL_65_051,0,2082.81137,0,0
D,DCONS,,1,"2024/03/15 19:45:00",1,V>>N_NIL_65_66,0,1244.19764,0,0
D,DCONS,,1,"2024/03/15 19:45:00",1,V>>N_NIL_66,0,1698.43594,0,0
D,DCONS,,1,"2024/03/15 19:45:00",1,V>>N_NIL_66_051,0,2609.80878,0,0
D,DCONS,,1,"2024/03/15 19:45:00",1,V>>N_NIL_66_65,0,1268.84595,0,0
D,DCONS,,1,"2024/03/15 19:45:00",1,V>>S_NIL_DVBG_DVBR,0,1338.64093,0,0
D,DCONS,,1,"2024/03/15 19:45:00",1,V>KM_WBBA_KMRC,0,10629.6535,0,0
D,DCONS,,1,"2024/03/15 19:45:00",1,V>KM_WBBA_KMRC_1,0,20629.6535,0,0
D,DCONS,,1,"2024/03/15 19:45:00",1,V>NIL_GNTX_GNTX,0,10228.8704,0,0
D,DCONS,,1,"2024/03/15 19:45:00",1,V>NIL_GNTX_GNTX_TEMP,0,263.0609,0,0
D,DCONS,,1,"2024/03/15 19:45:00",1,V>NIL_TGTX_NIL,0,400.28723,0,0
D,DCONS,,1,"2024/03/15 19:45:00",1,V>NIL_TGTX_TGTX_2,0,10249.95735,0,0
D,DCONS,,1,"2024/03/15 19:45:00",1,V>NIL_TGTX_TGTX_20S,0,272.46035,0,0
D,DCONS,,1,"2024/03/15 19:45:00",1,V>NIL_WBBA_CWBUHO,0,575.52755,0,0
D,DCONS,,1,"2024/03/15 19:45:00",1,V>NIL_WBBA_HOMRKM,0,623.3508,0,0
D,DCONS,,1,"2024/03/15 19:45:00",1,V>NIL_WBBA_KMRC,0,629.6535,0,0
D,DCONS,,1,"2024/03/15 19:45:00",1,V>NIL_WBBA_KMRC_1,0,10629.6535,0,0
D,DCONS,,1,"2024/03/15 19:45:00",1,V>NIL_WETX_NIL,0,152.43212,0,0
D,DCONS,,1,"2024/03/15 19:45:00",1,V>NIL_YPRO7_YPHW1,0,1922.4887,0,0
D,DCONS,,1,"2024/03/15 19:45:00",1,V>NIL_YPRO7_YPRO8,0,12401.28025,0,0
D,DCONS,,1,"2024/03/15 19:45:00",1,V>SW_MSDD1_MSDD2,0,11996.57133,0,0
D,DCONS,,1,"2024/03/15 19:45:00",1,V>SW_MSDD1_MSDD2_SIP,0,1996.57133,0,0
D,DCONS,,1,"2024/03/15 19:45:00",1,V>SW_MSDD2_MSDD1,0,11995.86681,0,0
D,DCONS,,1,"2024/03/15 19:45:00",1,V>SW_MSDD2_MSDD1_SIP,0,1995.86681,0,0
D,DCONS,,1,"2024/03/15 19:45:00",1,V>S_NIL_HYSE,0,694.91448,0,0
D,DCONS,,1,"2024/03/15 19:45:00",1,V>S_NIL_SETX_SETX,0,141.36417,0,0
D,DCONS,,1,"2024/03/15 19:45:00",1,VSML_220,0,220,0,0
D,DCONS,,1,"2024/03/15 19:45:00",1,VSML_ROC_80,0,161,0,0
D,DCONS,,1,"2024/03/15 19:45:00",1,VSML_VFRB_OFF,0,240,0,0
D,DCONS,,1,"2024/03/15 19:45:00",1,VTBL_ROC,0,631.60001,0,0
D,DCONS,,1,"2024/03/15 19:45:00",1,V^S_HYCP,0,792.65768,0,0
D,DCONS,,1,"2024/03/15 19:45:00",1,V^T_NIL_9,0,10350,0,0
D,DCONS,,1,"2024/03/15 19:45:00",1,V^^N_NIL_1,0,1126.93355,0,0
D,DCONS,,1,"2024/03/15 19:45:00",1,V^^SML_NIL_3,0,155.64078,0,0
D,DCONS,,1,"2024/03/15 19:45:00",1,V^^SML_NSWRB_2,0,161.35533,0,0
D,DCONS,,1,"2024/03/15 19:45:00",1,V^^S_NIL_MAXG_1,0,887.60049,0,0
D,DCONS,,1,"2024/03/15 19:45:00",1,V^^S_NIL_MAXG_2,0,10000,0,0
D,DCONS,,1,"2024/03/15 19:45:00",1,V^^S_NIL_MAXG_3,0,10000,0,0
D,DCONS,,1,"2024/03/15 19:45:00",1,V^^S_NIL_TBSE_1,0,879.54605,0,0
D,DCONS,,1,"2024/03/15 19:45:00",1,V^^S_NIL_TBSE_2,0,10000,0,0
D,DCONS,,1,"2024/03/15 19:45:00",1,V^^S_RBTU_MAXG,0,804.89618,0,0
D,DCONS,,1,"2024/03/15 19:45:00",1,V^^S_RBTU_MAXG_2-DS,0,10000,0,0
D,DCONS,,1,"2024/03/15 19:45:00",1,V^^S_RBTU_SETB,0,812.19389,0,0
D,DCONS,,1,"2024/03/15 19:45:00",1,V^^S_RBTU_SETB_2-DS,0,10000,0,0
D,DCONS,,1,"2024/03/15 19:45:00",1,V^^V_NIL_KGTS,0,10571.35866,0,0
D,DCONS,,1,"2024/03/15 19:45:00",1,V^^V_NIL_KGTS_2,0,473.39366,0,0
D,DCONS,,1,"2024/03/15 19:45:00",1,V^^V_NIL_SWVIC,0,1260.57768,0,0
D,DCONS,,1,"2024/03/15 19:45:00",1,V_GANWR_SF_BAT_50,0,50.001,0,0
D,DCONS,,1,"2024/03/15 19:45:00",1,V_SH_DD_MAC_FLT_965,0,10965,0,0
D,DCONS,,1,"2024/03/15 19:45:00",1,V_S_HEYWOOD_UFLS,0,10000,0,0
D,DCONS,,1,"2024/03/15 19:45:00",1,V_S_NIL_ROCOF,0,689.71411,0,0
D,DCONS,,1,"2024/03/15 19:45:00",1,V_T_FCSPS_DS,0,10144,0,0
D,DCONS,,1,"2024/03/15 19:45:00",1,V_T_NIL_BL1,0,-10125,0,0
D,DCONS,,1,"2024/03/15 19:45:00",1,V_T_NIL_FCSPS,0,535.6229,0,0
D,DCONS,,1,"2024/03/15 19:45:00",1,V_WDR_NO_SCADA,0,95,0,0
C,"END OF REPORT",888
